piece_id,barre_ratio,avg_chord_stretch,max_chord_stretch,avg_position_shift,open_string_ratio,p90_chord_stretch,shift_rate,max_position_shift,std_position_shift,fret_entropy,max_avg_chord_stretch_window,avg_stretch_velocity_beats,avg_position_shift_speed_beats,max_position_shift_speed_beats,arpeggio_density,avg_string_jump,max_string_jump,string_entropy,chord_ratio,polyphonic_arpeggio_intensity_beats,total_notes,tempo_bpm,log_total_notes,repetition_ratio,max_note_density_window,true_label,predicted_label
24 Piezas Sudamericanas: 4. Vals Venezolano||Jorge Cardoso,-0.8862539,0.47123575,-0.53512996,-0.7704126,0.46689782,0.20597889,0.19676535,-0.4361904,-0.38176957,0.86132103,-0.95987767,-0.98131293,-0.27365902,0.9961138,0.78791636,-0.40037215,0.87477016,0.68159354,-0.8742451,-0.8690857,0.381472,0.64585596,0.98008186,-0.9426918,-0.10625264,4,5
Abri la Puerta mi China||Agustin Barrios Mandore,-0.8737184,0.3136285,-0.5936891,-0.6985264,0.8673429,0.20597889,-0.0542618,-0.38455078,-0.13261023,0.8969275,-0.9587433,-0.9760163,-0.25074536,0.966215,0.58971465,0.53938013,0.7835889,-0.9195591,-0.9645622,-0.9573236,0.15455586,0.5071567,0.9705545,-0.96718645,-0.13646932,5,4
Adagio from Pathetique Sonata||Ludwig van Beethoven,-0.881887,0.24179202,-0.47093278,-0.75315934,0.4148639,-0.25081655,0.39896542,-0.38455078,-0.15610561,0.8809104,-0.95931435,-0.8750999,0.4316399,0.96612823,0.7535673,0.0857589,0.638808,0.7828906,-0.95989937,-0.99351877,0.4218227,0.5326026,0.9814516,-0.90164745,0.25081605,5,6
"Allegretto, Op. 241 no. 14||Ferdinando Carulli",-0.87053084,-0.4088829,-0.64656997,-0.8023477,-0.6657596,0.7979516,0.17269425,-0.42581394,-0.32124454,-0.31374466,-0.95816433,0.23302668,-0.073948584,0.9371789,0.91785264,0.18524301,0.638808,-0.15538046,-0.99024326,-0.9213113,-0.79561794,0.5326026,0.3166657,-0.8107804,-0.3107283,1,1
"Allegretto, Op. 50 no. 22||Mauro Giuliani",-0.87053084,-0.50948185,-0.69389033,-0.79417926,-0.6375141,0.81423664,0.8468412,-0.368143,-0.09790105,-0.6300712,-0.95698255,0.37381825,0.24786372,0.6285015,0.756515,0.13105217,0.7835889,-0.8126272,-0.8300578,-0.8618876,-0.8567093,0.46727547,-0.28451785,-0.79415965,-0.32908216,0,1
"Allegro in D Major, Op. 50 no. 26||Mauro Giuliani",-0.87053084,-0.16270994,-0.5936891,-0.81229615,-0.699545,-0.25081655,0.8774473,-0.39669985,-0.18841337,-0.114602186,-0.96043336,-0.0069172173,0.4289102,0.83826226,0.7632848,-0.24137047,0.7835889,0.5901826,-0.8009783,-0.8649878,-0.7842264,0.46727547,0.38505206,-0.8136269,-0.28276104,2,2
Alman||Robert Johnson,-0.87053084,-0.056792814,-0.5936891,-0.76684576,-0.46497622,0.20597889,0.4073221,-0.37158072,-0.061909568,0.05474251,-0.9587433,-0.12736474,-0.07338793,0.6615953,0.77572393,-0.28136963,0.87477016,0.8739602,-0.88142514,-0.88920087,-0.815621,0.32049116,0.16804442,-0.79788786,-0.31993526,3,2
Altair||Agustin Barrios Mandore,-0.8892115,0.45593476,-0.47093278,-0.7936676,0.6451203,0.20597889,0.7133369,-0.40472302,-0.21950348,0.8917429,-0.95959693,-0.13563192,-0.64601487,0.7929007,0.71662545,-0.16493087,0.87477016,0.94175017,-0.97175145,-0.69366086,-0.7744296,0.80649686,0.43615043,-0.8673201,-0.4663351,4,5
Andantino in C; Op. 35 no. 2||Fernando Sor,-0.87053084,-0.1457622,-0.64656997,-0.7470991,-0.7235342,0.37572223,0.3657226,-0.35985148,-0.035490263,-0.7700254,-0.9587433,0.05964044,-0.6618034,0.48902586,0.90135676,0.13306887,0.42821875,0.7132599,-0.9863339,-0.8550406,-0.8978213,0.5326026,-0.84149253,-0.79415965,-0.42119732,0,0
"Andantino, Op. 39 no. 2||Anton Diabelli",-0.87053084,0.072085,-0.64656997,-0.8382966,-0.6273252,0.20597889,0.42765656,-0.4323126,-0.5068177,-0.7045427,-0.9587433,0.2745763,-0.7465648,0.6386843,0.925902,-0.6234132,0.7835889,0.81857467,-0.8410106,-0.45238563,-0.9149528,0.73638743,-0.9714831,-0.79415965,-0.5531775,0,0
"Andantino, Op. 44 no. 3||Fernando Sor",-0.87053084,-0.07548313,-0.64656997,-0.7603632,-0.6561244,0.5877495,0.6383044,-0.36400443,-0.06217597,-0.71913093,-0.9587433,0.13222404,-0.75764906,0.48902586,0.8871173,-0.40370727,0.7835889,0.64532435,-0.9365717,-0.5474403,-0.86456466,0.73638743,-0.39345342,-0.79955816,-0.5129451,1,1
Angostura (Valse Venezolano)||Antonio Lauro,-0.87053084,-0.04704166,-0.5936891,-0.82788306,-0.6132503,0.20597889,0.88021636,-0.4361904,-0.38672724,0.73383856,-0.95959693,-0.012535929,-0.43547708,0.8168403,0.89059305,-0.6599875,0.87477016,0.8861609,-0.8790535,-0.7004101,-0.6577793,0.85946923,0.74676806,-0.80308694,-0.39564562,4,4
Leyenda (Asturias) from Suite Espanola||Isaac Albeniz,-0.8753812,0.5923992,-0.53512996,-0.87837857,-0.2204908,-0.25081655,0.9703639,-0.39669985,-0.43491313,0.7465395,-0.96205556,-0.71074075,0.99140567,0.9986902,0.8252632,-0.72880036,0.87477016,0.88467073,-0.7435995,-0.7645209,0.8276747,0.64585596,0.9926312,-0.937936,-0.15647714,6,6
"Ay, Ay, Ay!...||Agustin Barrios Mangore",-0.8753378,-0.005090208,-0.53512996,-0.764536,-0.045444667,0.20597889,0.49820706,-0.39871138,-0.16889502,0.6499514,-0.96043336,-0.17501934,-0.2579292,0.9424713,0.7219622,-0.4009376,0.87477016,-0.14727576,-0.94010323,-0.91194105,-0.39986548,0.43251222,0.9061321,-0.84243065,-0.18624485,4,3
Bagatelle||Ludwig van Beethoven,-0.88127667,0.26239833,-0.5936891,-0.739711,-0.06707607,0.20597889,-0.013945271,-0.36400443,-0.056458868,0.19872318,-0.9587433,0.06295931,-0.7477037,0.52277243,0.7194106,0.40721434,0.87477016,0.92570233,-0.974515,-0.76169837,-0.876637,0.64585596,-0.56669974,-0.8261891,-0.47032568,1,2
Be Thou With Me (Bist du bei  mir)||J.S. Bach,-0.87053084,-0.20455492,-0.64656997,-0.77530146,-0.6380545,0.20597889,0.63417566,-0.37226704,-0.07444038,-0.24687235,-0.9576311,0.15430447,-0.65852976,0.5390611,0.7961201,-0.2083201,0.87477016,0.93572617,-0.9588618,-0.6777331,-0.83867055,0.5326026,-0.05948985,-0.8034936,-0.47032568,6,1
Bianco fiore||Cesare Negri,-0.87053084,-0.12003934,-0.64656997,-0.7498518,-0.44256276,0.5877495,0.009602132,-0.35985148,-0.04027382,-0.5301193,-0.95698255,0.14944084,-0.73272777,0.46270928,0.58481854,0.5766829,0.42821875,0.32021928,-0.93641,-0.7029103,-0.9061247,0.64585596,-0.91829914,-0.8199118,-0.49772024,0,0
Castles of Spain: Alba de Tormes (Trova)||F. Moreno-Torroba,-0.9206584,0.10148101,-0.64656997,-0.76317865,-0.023600934,0.20597889,0.2336754,-0.37637642,-0.120517656,0.33612153,-0.9587433,-0.15013573,-0.63753235,0.56275594,0.78806424,-0.73928857,0.87477016,0.8473073,-0.9251675,-0.8000812,-0.8220805,0.36661756,0.110895894,-0.80271417,-0.40423384,2,1
Castles of Spain: Manzanares el Real (A la Moca Fermosa)||F. Moreno-Torroba,-0.87474376,0.53811896,-0.5936891,-0.7817201,0.6354396,-0.25081655,0.65222985,-0.3926653,-0.16358508,0.9147031,-0.9599434,-0.486688,-0.5835056,0.6486482,0.5988565,-0.17357448,0.87477016,0.9412893,-0.93545336,-0.7993271,-0.7536682,0.31264576,0.5253403,-0.8559058,-0.37387198,3,4
Castles of Spain: Montemayor (Romance de los Pinos)||F. Moreno-Torroba,-0.8866869,0.26021585,-0.5936891,-0.77025473,0.52740693,0.20597889,0.8315403,-0.37500826,-0.12266478,0.85972,-0.95801836,-0.4162007,-0.2604194,0.77543896,0.6530768,0.5067554,0.42821875,0.7444307,-0.9561248,-0.90606135,-0.8504208,0.17347585,-0.20161577,-0.8784329,-0.37387198,3,3
Dance||Hans Neusidler,-0.87053084,-0.058620017,-0.64656997,-0.7537127,-0.6556625,0.20597889,0.10508932,-0.36400443,-0.06692187,-0.52775836,-0.95780414,0.075431705,-0.682047,0.48902586,0.5929549,0.5443372,0.638808,0.5228835,-0.93702203,-0.818729,-0.8272129,0.64585596,0.06191721,-0.84947705,-0.43787116,0,1
Dance of the Miller from The Three-Cornered Hat||Manuel de Falla,-0.957809,0.2618215,-0.5936891,-0.6887056,-0.22088198,0.20597889,-0.40605953,-0.38047102,-0.098031215,0.5115885,-0.96043336,-0.81356806,-0.5633882,0.9251465,0.44688472,0.6207772,0.638808,0.96985656,-0.9797506,-0.9984224,0.94995296,0.64585596,0.99612856,-0.96528983,0.54342175,3,5
Danza||Anonymous,-0.87053084,-0.04779209,-0.64656997,-0.760776,-0.7077646,0.20597889,0.38618758,-0.39669985,-0.13891146,-0.18748231,-0.9587433,-0.36659122,-0.11658629,0.83826226,0.89722145,-0.8761495,0.87477016,0.8805052,-0.87306833,-0.89012754,-0.44380727,0.45353404,0.893115,-0.80833733,-0.23024726,1,2
Danza Espanola No. 3 (Fandango)||Enrique Granados,-0.87053084,0.2642718,-0.5936891,-0.78113014,-0.13724661,-0.25081655,0.69671315,-0.38455078,-0.1653819,0.7700564,-0.96043336,-0.27260554,-0.5932323,0.70392555,0.54388714,0.3724949,0.638808,0.9337448,-0.98430675,-0.90626925,0.8833986,0.8349063,0.99410224,-0.883192,-0.30146268,3,6
Dos preludios - I||Joaquin Rodrigo,-0.87053084,-0.005464723,-0.53512996,-0.8275635,-0.23443413,0.20597889,0.8437649,-0.4361904,-0.27923864,0.8959269,-0.9587433,-0.38873112,0.54770356,0.95587826,0.7889351,-0.041006982,0.87477016,0.36861503,-0.76378685,-0.8073975,0.1874286,0.20708622,0.9721776,-0.8135701,-0.3107283,7,6
Dos Temas Populares Cubanos - Berceuse - Cancion de Cuna||Leo Brouwer,-0.87237316,-0.038834807,-0.53512996,-0.77981716,-0.49087602,0.20597889,0.87302935,-0.3791078,-0.1308013,0.00910865,-0.9587433,-0.031135833,-0.61108744,0.57805806,0.8409929,-0.22339016,0.7835889,0.9513094,-0.90928763,-0.71685886,-0.16528697,0.46727547,0.9465712,-0.83178705,-0.4337302,4,4
Douze Etudes - Etude No. 10||Heitor Villa-Lobos,-0.87053084,0.09073301,-0.64656997,-0.8544405,-0.15467903,0.20597889,0.97034955,-0.40472302,-0.26175082,0.8658807,-0.9587433,-0.47654334,0.73879665,0.76623464,0.4711028,0.50183,0.87477016,0.9365245,-0.82095754,-0.8758384,0.5016483,0.43251222,0.9839619,-0.8719755,-0.121389106,6,6
Douze Etudes - Etude No. 5||Heitor Villa-Lobos,-0.87053084,0.20824055,-0.47093278,-0.73251927,-0.27868533,0.20597889,0.31198278,-0.37637642,-0.12694006,0.6587485,-0.9587433,-0.9875801,0.40616712,0.97174275,0.87428355,-0.5345019,0.7835889,0.8366443,-0.88611805,-0.9672076,0.32693785,0.053128835,0.97810197,-0.92698485,0.30735806,5,5
Douze Etudes - Etude No. 6||Heitor Villa-Lobos,-0.88723034,0.9843707,0.69899786,-0.8617368,0.30109206,-0.9999998,0.98866886,-0.3980413,-0.31900287,0.95404035,-0.9705654,-0.9704658,0.5820809,0.8448797,0.8620988,-0.8996337,0.7835889,0.9180404,-0.9884426,-0.9987188,0.013208396,0.5326026,0.9621849,-0.823834,-0.00441897,4,6
Einleitende Etuden (Introductory Studies); Op. 60 no. 11||Fernando Sor,-0.87053084,-0.17244463,-0.69389033,-0.7607831,-0.8649808,0.6173712,0.5096828,-0.368143,-0.09811488,-0.63646024,-0.95698255,0.2745763,-0.662583,0.5144813,0.9164592,-0.7806499,0.638808,-0.9794677,-0.53830147,-0.46793568,-0.8790898,0.64585596,-0.60169214,-0.79415965,-0.52043927,0,0
Einleitende Etuden (Introductory Studies); Op. 60 no. 24||Fernando Sor,-0.87053084,0.50573933,-0.40132758,-0.78658813,-0.16424736,-0.25081655,0.6399534,-0.37020686,-0.10096584,-0.281677,-0.96043336,-0.07018016,-0.27456504,0.5855606,0.9266935,-0.69279706,0.7835889,-0.80303764,-0.8336919,-0.6374149,-0.83275807,0.5326026,0.005279492,-0.8053654,-0.4742971,1,1
Einleitende Etuden (Introductory Studies); Op. 60 no. 6||Fernando Sor,-0.87053084,-0.25084743,-0.64656997,-0.7502136,-0.8704479,0.55646336,0.42765656,-0.36400443,-0.077116586,-0.80974406,-0.95698255,0.12567194,-0.61892015,0.83826226,0.86945605,-0.86888146,0.87477016,0.5313446,-0.67540103,-0.54972816,-0.8914174,0.32049116,-0.7674807,-0.8342811,-0.5015559,0,0
Einleitende Etuden (Introductory Studies); Op. 60 no. 9||Fernando Sor,-0.87053084,0.7848172,-0.47093278,-0.7690281,-0.9483023,-0.6721128,0.8671657,-0.37020686,-0.109599054,-0.7808381,-0.96205556,-0.7350925,-0.6441503,0.5268814,0.9267857,-0.7789668,0.7835889,-0.93002754,-0.6891046,-0.5307541,-0.8957274,0.64585596,-0.8185311,-0.79415965,-0.50537205,0,0
El Marabino (Valse Venezolano)||Antonio Lauro,-0.89438283,0.06644793,-0.5936891,-0.82294196,-0.20225278,0.20597889,0.9014129,-0.39064232,-0.25384313,0.6915984,-0.96043336,0.0032133348,-0.4441119,0.90286523,0.8352854,-0.52757746,0.7835889,0.8745589,-0.8721088,-0.6451803,-0.79165953,0.79395753,0.34161866,-0.8281457,-0.4663351,5,4
Entree De Luth||Robert Ballard,-0.89005876,0.41215217,-0.53512996,-0.8274077,-0.24858657,-0.25081655,0.8799214,-0.39669985,-0.25415716,0.7632491,-0.9587433,-0.16381691,-0.5575779,0.6285015,0.81123596,-0.113641664,0.7835889,0.8534374,-0.9461179,-0.7439171,-0.83867055,0.26470363,-0.05948985,-0.80469334,-0.4501827,5,2
Estilo Uruguayo||Agustin Barrios Mangore,-0.88863534,0.29686403,-0.5936891,-0.7564128,0.4556648,0.20597889,0.28159228,-0.38861558,-0.117414206,0.8210209,-0.9584961,-0.46398237,-0.048827257,0.90286523,0.48747033,0.17019904,0.638808,0.8624975,-0.9303275,-0.8181093,-0.6465119,0.4940893,0.7615024,-0.9072164,-0.34268713,2,5
"Etude, Op. 60 no. 9||Matteo Carcassi",-0.87053084,-0.011470694,-0.5936891,-0.8354558,0.03376212,0.20597889,0.85153943,-0.39669985,-0.28124505,0.9331774,-0.96043336,-0.19229777,0.3254686,0.8278529,0.5827451,0.33941597,0.87477016,-0.47423077,-0.7724966,-0.74807197,-0.6707255,0.64585596,0.72789854,-0.8377027,-0.37826085,0,4
Etude; Op. 10 no. 3||Frederic Chopin,-0.8907938,-0.08685624,-0.5936891,-0.7820305,0.008805063,0.20597889,0.36599413,-0.42841876,-0.22187091,0.5301594,-0.9587433,-0.34118775,0.07646513,0.9424713,0.80322564,-0.22560564,0.7835889,0.8933008,-0.7946387,-0.8963218,-0.64024425,-0.01657346,0.7690972,-0.837607,-0.25430453,7,3
Fantasia||William Byrd,-0.87053084,0.11746967,-0.53512996,-0.7557311,-0.38052735,0.20597889,0.24433716,-0.37226704,-0.06873128,-0.40854946,-0.96043336,-0.13989784,-0.37189648,0.66792506,0.6291886,0.31094062,0.7835889,-0.20273696,-0.9022026,-0.834525,-0.61762506,0.36661756,0.79343945,-0.844257,-0.34268713,3,2
"Fuge in A Minor, BWV 1000||J.S. Bach",-0.87232846,0.48912588,-0.53512996,-0.82452357,0.38888714,-0.25081655,0.8656992,-0.40472302,-0.28808382,0.9421451,-0.9601008,-0.60831994,0.40226728,0.89229333,0.80852056,-0.25502315,0.87477016,0.7586071,-0.89137644,-0.888379,0.8883843,0.32049116,0.9942398,-0.8195845,-0.24471748,7,6
Gavotte||Lodovico Roncalli,-0.87053084,0.048705455,-0.5936891,-0.7596433,-0.003711609,0.20597889,0.6050491,-0.37432355,-0.096829996,0.50475335,-0.9587433,0.014917847,-0.5666904,0.5855606,0.68726677,0.46379772,0.1579362,0.6787492,-0.9526066,-0.79575413,-0.8869399,0.64585596,-0.70997244,-0.85080844,-0.4337302,2,2
Gigue||Johann Anton Losy von Losinthal,-0.87053084,-0.074919894,-0.64656997,-0.81471306,-0.51858824,0.20597889,0.7864248,-0.4323126,-0.34007287,0.19499883,-0.9578719,0.047776893,-0.5028267,0.8051983,0.9234952,-0.8148355,0.7835889,0.7904839,-0.8404708,-0.65032345,-0.87329423,0.59214556,-0.5186283,-0.79415965,-0.4663351,0,1
"Grazioso, Op. 50 no. 23||Mauro Giuliani",-0.8767058,-0.06695637,-0.64656997,-0.7516493,-0.8730337,0.41496533,-0.008929671,-0.38455078,-0.15293035,-0.639732,-0.9587433,0.0029535803,-0.36496362,0.76623464,0.8881239,-0.51530635,0.87477016,0.7869903,-0.90379673,-0.8809405,-0.83275807,0.4110094,0.005279492,-0.845492,-0.34268713,1,1
Gymnopedie No. 1||Erik Satie,-0.90599746,0.5081723,0.65230495,-0.84652895,-0.14817947,-0.25081655,0.9895661,-0.3980413,-0.30305177,0.88000095,-0.9642842,-0.05344167,-0.72607964,0.5430719,0.22962014,-0.17143112,0.638808,0.91714966,-0.9932259,-0.75114983,-0.79627115,0.39641368,0.31241885,-0.8747142,-0.4899902,2,3
Humoresque||Agustin Barrios Mandore,-0.87053084,0.32883918,-0.47093278,-0.7880911,0.6623657,-0.25081655,0.9158121,-0.38455078,-0.18683927,0.9018233,-0.96043336,-0.26282358,-0.4788425,0.83826226,0.5423464,0.41607553,0.7835889,0.95062524,-0.9698178,-0.85088897,-0.80895156,0.39641368,0.22210957,-0.9051862,-0.41698337,2,4
La Cavalleria de Napoles||Gaspar Sanz,-0.87053084,-0.044769485,-0.5936891,-0.7644025,-0.54812604,0.20597889,0.8059968,-0.38455078,-0.1299176,0.10789909,-0.9576311,0.17510492,-0.7713718,0.50186217,0.22962014,0.7468497,0.1579362,-0.6813848,-0.9897084,-0.67394143,-0.8698672,0.73638743,-0.46924555,-0.8975234,-0.5015559,0,0
Lachrimae Pavan||John Dowland,-0.89293355,0.1461461,-0.5936891,-0.7946066,-0.5546829,0.20597889,0.8063079,-0.37637642,-0.0904738,-0.31097776,-0.95830977,-0.23376842,-0.22508678,0.70392555,0.7114596,-0.003040528,0.87477016,0.8787674,-0.88043815,-0.80327535,-0.13217312,0.11371948,0.95007485,-0.818632,-0.33816773,7,3
Lantururu||Gaspar Sanz,-0.87053084,-0.49421084,-0.69389033,-0.8030019,-0.7650255,0.81423664,0.9504657,-0.37020686,-0.1436156,-0.06197754,-0.9554593,0.36583006,-0.7463534,0.5268814,0.6243091,0.48403955,0.638808,-0.96769035,-0.95839876,-0.51151556,-0.91437036,0.64585596,-0.96891314,-0.82588,-0.5460422,1,0
Leyenda de Espana||Agustin Barrios Mangore,-0.87191135,0.07662264,-0.5936891,-0.7963396,-0.14659216,0.20597889,0.7956978,-0.4067192,-0.16882305,0.74213576,-0.95931435,-0.12384774,0.0539962,0.76623464,0.7325707,0.025486402,0.7835889,-0.11607072,-0.60890836,-0.64063346,-0.226963,0.070500165,0.93900764,-0.87257564,-0.39132527,3,4
Madrigal (Gavota)||Agustin Barrios Mandore,-0.8930014,0.6188757,-0.40132758,-0.82198846,0.745271,-0.25081655,0.9617652,-0.39669985,-0.23910135,0.9172824,-0.9613264,-0.46959165,-0.48221245,0.75670475,0.700893,0.29004037,0.7835889,0.89410233,-0.9769759,-0.85702807,-0.2966549,0.64585596,0.92833114,-0.85951084,-0.3999485,5,6
Maxixe||Agustin Barrios Mandore,-0.87053084,-0.023741253,-0.5936891,-0.80467194,0.24281053,0.20597889,0.7939384,-0.39669985,-0.22428967,0.78453785,-0.9587433,-0.41364712,0.44074324,0.966215,0.772795,-0.5702093,0.87477016,0.97388065,-0.8515861,-0.83724725,-0.50454855,0.59214556,0.8695341,-0.8635384,-0.34268713,4,5
"Menuet, Op. 11 no. 5||Fernando Sor",-0.87053084,0.4427062,-0.5936891,-0.8113803,0.01409996,0.20597889,0.9740573,-0.38047102,-0.19951907,0.69580793,-0.9587433,-0.6268015,-0.07820122,0.66792506,0.7003164,0.11051536,0.7835889,0.7356641,-0.98356867,-0.9645678,-0.8391985,0.39641368,-0.06549524,-0.8888069,-0.2733279,3,3
"Minuet from 'Pensees Melodiques', Op. 38 No. 1||Jose Ferrer",-0.87053084,0.036136635,-0.5936891,-0.74846673,-0.5726701,0.20597889,0.52928406,-0.37432355,-0.13893367,-0.0015836047,-0.95793957,-0.17628902,-0.5754221,0.9424713,0.6851745,0.18447879,0.7835889,0.83000326,-0.9831208,-0.89671427,-0.82664937,0.39641368,0.06745504,-0.9306599,-0.35167834,1,2
Minueto en Mi||Agustin Barrios Mangore,-0.87053084,0.58717597,-0.53512996,-0.8260092,0.7231227,-0.25081655,0.89892584,-0.4205832,-0.24386835,0.9456802,-0.9590078,-0.5726563,0.14425081,0.9146983,0.7660352,0.04111815,0.87477016,0.93947506,-0.7307479,-0.71580505,-0.679456,0.5807047,0.7138331,-0.8024126,-0.37387198,3,6
"Moderato, Op. 35 no. 17||Fernando Sor",-0.87053084,-0.30141154,-0.64656997,-0.7820581,-0.39473966,0.5877495,0.46724683,-0.4361904,-0.24925464,-0.32582504,-0.95698255,0.16911836,-0.59354556,0.8168403,0.908638,-0.94417334,0.87477016,0.8626525,-0.61772877,-0.5164815,-0.8354696,0.64585596,-0.02385837,-0.8127949,-0.48218238,1,2
Pais de Abanico||Agustin Barrios Mandore,-0.8909647,0.3798628,-0.47093278,-0.76118743,0.7220485,-0.25081655,0.7377372,-0.40472302,-0.20310344,0.9724126,-0.96043336,-0.9059535,0.40083224,0.9933111,0.44857275,0.37865412,0.87477016,0.9175094,-0.95828336,-0.83812016,-0.42354804,0.6197259,0.8994596,-0.9585132,-0.3245163,5,6
Partita III: BWV 1006: vi. Gigue||J.S. Bach,-0.87053084,-0.5261773,-0.73589134,-0.82593316,0.64944535,0.81423664,0.96221286,-0.37637642,-0.113397025,0.45791775,-0.9551484,0.37381825,0.46275008,0.70392555,0.6891038,-0.020811547,0.87477016,0.456821,-0.5126702,-0.66798526,-0.78491163,0.64585596,0.38122523,-0.8143495,-0.40423384,6,6
Pavan VI||Luis Milan,-0.8802997,0.113656655,-0.5936891,-0.77652127,-0.14420979,0.20597889,0.49468818,-0.3695193,-0.0930754,-0.43757227,-0.95830977,0.2023288,-0.81173253,0.45374888,0.50357944,0.5515144,0.1579362,0.7807455,-0.9593381,-0.5846053,-0.86899704,0.73638743,-0.45673472,-0.80183303,-0.5351892,2,1
Pictures at an Exhibition: VII. A Market Place in Limoges||Modest Mussorgsky,-0.8767058,0.7568883,-0.40132758,-0.7825535,0.6678882,-0.25081655,0.6653272,-0.38861558,-0.1772936,0.95699,-0.96205556,-0.9392487,-0.03266536,0.7929007,0.7316202,-0.047667768,0.87477016,0.93185717,-0.9556638,-0.93679667,0.399598,0.77380127,0.9807064,-0.84529346,-0.15148655,6,6
"Preludio, Op. 5 no. 1||Agustin Barrios Mandore",-0.87053084,-0.037281528,-0.5936891,-0.8233764,0.5382531,0.20597889,0.91388625,-0.39669985,-0.23633933,0.96622354,-0.96043336,-0.35278004,0.55197954,0.83826226,0.89762,-0.78455967,0.87477016,0.87287104,-0.55011976,-0.7462195,-0.10052634,0.43251222,0.95312357,-0.7951006,-0.36946633,5,6
Registro (Prelude)||Antonio Lauro,-0.87053084,-0.19578096,-0.64656997,-0.8233069,-0.65111935,0.20597889,0.93531054,-0.39669985,-0.2545685,0.7288264,-0.9587433,-0.26681513,0.554286,0.83826226,0.9176742,-0.7462087,0.7835889,0.91805273,-0.64395744,-0.7847865,-0.8001517,0.39641368,0.2864042,-0.79415965,-0.35614985,4,3
Romance||Anonymous,-0.87053084,-0.5261773,-0.73589134,-0.8777326,-0.82853204,0.81423664,0.98282975,-0.39669985,-0.36856762,0.21736322,-0.9551484,0.37381825,-0.10736312,0.66792506,0.89769983,-0.71703255,0.638808,0.025406376,-0.6772689,-0.52804667,-0.88655907,0.75571024,-0.704908,-0.7999389,-0.5091685,2,1
Saltarello||Anonymous,-0.87053084,-0.27580455,-0.5936891,-0.80460477,-0.2227276,0.5877495,0.66022384,-0.38861558,-0.13510486,0.42296007,-0.95816433,0.21258016,0.038011756,0.7929007,0.60256094,0.40621072,0.1579362,-0.99820656,-0.8813064,-0.75454855,-0.84591955,0.59214556,-0.14510673,-0.7986426,-0.4085015,0,1
Sarabande||George Frideric Handel,-0.87053084,-0.2786179,-0.5936891,-0.7387211,-0.665071,0.5877495,-0.0542618,-0.36192974,-0.04777459,-0.6621926,-0.95662165,0.27934515,-0.73444945,0.66792506,0.8547727,-0.04169803,0.87477016,0.93351805,-0.9597499,-0.58558327,-0.89068294,0.64585596,-0.75832915,-0.81792337,-0.5091685,2,1
Sarabande And Variations||George Friedrich Handel,-0.8862731,0.57188284,-0.53512996,-0.808925,0.4340284,-0.25081655,0.91104484,-0.39535666,-0.19256446,0.9170179,-0.9601008,-0.07144406,-0.7705803,0.5350258,0.7661977,0.23861781,0.87477016,0.86432546,-0.96964115,-0.6848949,-0.6618052,0.64585596,0.7411363,-0.8004733,-0.49772024,4,5
"Soldatenmarsh, Op. 68 no. 2||Robert Schumann",-0.87053084,0.6767696,-0.53512996,-0.80974275,0.7447817,-0.25081655,0.961404,-0.38455078,-0.16090223,0.8532036,-0.96043336,-0.29644668,-0.67008907,0.5390611,0.938882,0.58370155,0.638808,0.85240376,-0.9973847,-0.9630745,-0.86366165,0.64585596,-0.38068834,-0.79415965,-0.42119732,0,4
Sonata II: BWV 1003: iii. Andante||J.S. Bach,-0.87053084,0.25789407,0.60007375,-0.77536976,-0.2887461,0.20597889,0.5946337,-0.39871138,-0.17238037,0.5619946,-0.9587433,-0.503052,-0.02327783,0.8480945,0.7661977,0.45079,0.638808,0.6899053,-0.9618947,-0.922071,-0.7107539,0.053128835,0.6522075,-0.84657747,-0.24951711,4,5
Sonata II: BWV 1003: iv. Allegro||J.S. Bach,-0.87053084,-0.5261773,-0.73589134,-0.83887416,0.85439706,0.81423664,0.93432033,-0.41268438,-0.24301197,0.98222005,-0.9551484,0.37381825,0.61720526,0.90286523,0.7448389,0.036495667,0.7835889,-0.9706369,-0.51503587,-0.662036,-0.0010503527,0.46727547,0.961185,-0.804376,-0.39132527,6,6
"Sonata in A Major, L 483/ K 322||Domenico Scarlatti",-0.87053084,-0.10776625,-0.5936891,-0.80527866,-0.41884428,0.20597889,0.8675945,-0.38861558,-0.17751348,0.6824678,-0.95839685,0.15889654,-0.6160246,0.5855606,0.8518767,-0.27217147,0.87477016,0.77042264,-0.8955421,-0.5269494,-0.5810976,0.85946923,0.82472396,-0.8015228,-0.50537205,4,4
Sonata No. 1||Niccolo Paganini,-0.87053084,-0.217583,-0.53512996,-0.7835654,-0.67242134,0.5877495,0.838506,-0.37432355,-0.14834,-0.15780316,-0.9573405,-0.09102891,-0.02475445,0.83826226,0.6965747,-0.5228471,0.87477016,0.8708997,-0.9572651,-0.88691276,-0.6804144,0.39641368,0.7122168,-0.87253535,-0.27805114,2,3
Sonata no. 12: i. Minuetto||Niccolo Paganini,-0.87053084,-0.5004411,-0.64656997,-0.8203068,-0.61369604,0.81423664,0.8911643,-0.42841876,-0.29326683,0.72440064,-0.9557681,0.3229314,0.7362283,0.9424713,0.6853305,-0.08342862,0.87477016,-0.48754528,-0.85403883,-0.8139865,-0.8449026,0.64585596,-0.13268803,-0.8653813,-0.35167834,2,3
"Study, 31 no. 17||Fernando Sor",-0.87053084,-0.2786179,-0.64656997,-0.768549,-0.4061652,0.5877495,0.44490603,-0.368143,-0.09657219,-0.37863573,-0.95698255,0.14944084,-0.6206658,0.5390611,0.9097695,-0.94536924,0.87477016,0.8625541,-0.6106568,-0.516706,-0.83654296,0.5326026,-0.0356573,-0.8068062,-0.4899902,0,1
"Study, Op. 139 no. 3||Mauro Giuliani",-0.87053084,-0.006879519,-0.5936891,-0.7825696,-0.65359974,0.20597889,0.82351345,-0.37226704,-0.10109134,-0.014865942,-0.95816433,-0.03679018,-0.6093467,0.5390611,0.7840882,-0.033435587,0.87477016,0.7590917,-0.9780363,-0.8558372,-0.7765611,0.5326026,0.42558372,-0.8096793,-0.365044,1,2
"Study, Op. 139 no. 5||Mauro Giuliani",-0.9055339,0.18806684,-0.5936891,-0.8012664,-0.66866976,0.20597889,0.90010947,-0.38861558,-0.18360019,0.2958868,-0.95822257,-0.09083532,-0.33562678,0.7929007,0.60035944,0.4620514,0.87477016,0.91033375,-0.97025615,-0.8857146,-0.77585256,0.64585596,0.42912877,-0.87032884,-0.34268713,1,4
"Study, Op. 48 no. 24||Mauro Giuliani",-0.8735147,0.43384027,-0.5936891,-0.9321122,-0.33027008,-0.25081655,0.9950835,-0.4361904,-0.6672123,0.9307006,-0.95938516,-0.50979936,0.9353808,0.95587826,0.8788776,-0.76281774,0.7835889,0.25764564,-0.86970377,-0.8618493,-0.63175297,0.5326026,0.77876717,-0.86834866,-0.24951711,5,4
"Suite 1 for Cello, BWV 1007: ii.  Allemande||J.S. Bach",-0.87053084,-0.009921225,-0.53512996,-0.8267228,-0.12243804,0.20597889,0.7496867,-0.4361904,-0.36490637,0.20769398,-0.9584548,-0.19537485,0.4701605,0.95587826,0.70299923,0.07588166,0.7835889,-0.09582365,-0.71941346,-0.7515846,-0.6381359,0.32049116,0.77156264,-0.8192812,-0.35167834,2,4
"Suite 1 for Cello, BWV 1007: iv.  Sarabande||J.S. Bach",-0.87053084,-0.016237948,-0.64656997,-0.748124,-0.6561244,0.20597889,0.009602132,-0.36607555,-0.055976495,-0.57391566,-0.9587433,-0.061486784,-0.32957065,0.6074747,0.74329567,0.21508794,0.42821875,0.91667295,-0.8992558,-0.85447013,-0.86456466,0.070500165,-0.39345342,-0.82163554,-0.36060512,2,1
"Suite 2 for Cello, BWV 1008: i. Prelude||J.S. Bach",-0.87684184,0.49962476,0.54217046,-0.82829565,0.18721811,-0.25081655,0.6983222,-0.4361904,-0.4263853,0.8857637,-0.97894734,-0.77396536,0.40010753,0.95587826,0.787026,-0.0641946,0.638808,0.5634741,-0.7179013,-0.8105197,-0.26712355,0.24021481,0.9331811,-0.8208586,-0.3107283,3,6
"Suite 3 for Cello, BWV 1009: ii. Allemande||J.S. Bach",-0.8767176,0.11215052,-0.5936891,-0.7884852,0.33465835,0.20597889,0.62202257,-0.39569262,-0.19556373,0.7577036,-0.96043336,-0.7118166,0.12692578,0.83826226,0.65645635,-0.0037188954,0.7835889,0.6515493,-0.8730263,-0.75465083,-0.4761226,0.1565126,0.8815367,-0.8696229,-0.36060512,4,4
"Suite 3 for Cello, BWV 1009: iii. Courante||J.S. Bach",-0.87685114,0.039799213,-0.5936891,-0.8212726,0.21188042,-0.25081655,0.8862315,-0.39669985,-0.20827822,0.81323797,-0.96043336,-0.045752034,-0.40676564,0.70392555,0.83447,-0.5385678,0.87477016,0.8226649,-0.7607759,-0.59141433,-0.55945146,0.72830224,0.8397304,-0.8022577,-0.44199362,3,5
"Suite 5 for Cello, BWV 1011: iv.  Sarabande||J.S. Bach",-0.87053084,-0.024849484,-0.64656997,-0.7795088,-0.2911197,0.20597889,0.58203375,-0.3926653,-0.17563297,-0.37224725,-0.95742947,-0.06709936,-0.6121177,0.6486482,0.8956631,-0.75880873,0.87477016,0.922898,-0.8524709,-0.6288593,-0.894309,0.1565126,-0.8022632,-0.8019795,-0.4742971,1,1
Suite en La Mayor: Granduque I||Gaspar Sanz,-0.8755512,-0.1656833,-0.5936891,-0.77948457,-0.39666197,0.20597889,0.5014336,-0.36607555,-0.06137521,-0.50557595,-0.95804757,0.22431712,-0.71384233,0.48902586,0.54793435,0.376514,0.7835889,0.43875402,-0.89197385,-0.5510398,-0.8209215,0.3360499,0.12151197,-0.8056267,-0.5091685,2,1
Suite en La Mayor: Granduque II||Gaspar Sanz,-0.87053084,-0.1105531,-0.5936891,-0.790159,-0.43600786,0.20597889,0.5630788,-0.37637642,-0.06111938,-0.5534841,-0.9578719,0.05964044,-0.5844727,0.56275594,0.6205871,0.40772232,0.42821875,-0.16091383,-0.82561576,-0.59439284,-0.79165953,0.39641368,0.34161866,-0.8031522,-0.48609596,2,1
Suite en La Mayor: Matachin||Gaspar Sanz,-0.87053084,0.17595781,-0.5936891,-0.7978469,-0.020795923,-0.25081655,0.89541787,-0.37089399,-0.12729743,0.61798054,-0.9592332,0.08010369,-0.73719263,0.5309658,0.2833111,0.52874357,0.42821875,0.6773906,-0.93500984,-0.646608,-0.8953745,0.22371511,-0.81453556,-0.8941728,-0.5015559,2,1
Suite I: iii. Courante; BWV 996||J.S. Bach,-0.87053084,0.23216239,-0.5936891,-0.7861007,-0.119609855,0.20597889,0.7267431,-0.4342535,-0.24858175,0.52675635,-0.95842844,-0.25745422,-0.43811655,0.81109965,0.77194464,-0.024407381,0.87477016,0.92469394,-0.96179324,-0.84246707,-0.70987076,0.64585596,0.6542318,-0.86761993,-0.38263276,5,4
"Suite IV, BWV 1006a: i. Prelude||J.S. Bach",-0.87053084,0.23216239,-0.47093278,-0.8323711,0.34515202,0.20597889,0.90927947,-0.4007191,-0.23745851,0.8586441,-0.95931435,-0.76060784,0.6173301,0.85737544,0.87871563,-0.77674896,0.87477016,0.91753125,-0.6342077,-0.7692642,0.84275794,0.5326026,0.9930204,-0.80050176,-0.3107283,7,6
Suite Populaire Bresilienne: 3.  Valsa-Choro||Heitor Villa-Lobos,-0.9250233,0.03537329,-0.5936891,-0.67630905,-0.4851242,0.20597889,-0.32604206,-0.38861558,-0.10697297,0.5871134,-0.95820916,-0.7606321,-0.57576394,0.9961138,0.6636824,0.671542,0.42821875,0.8453352,-0.9962418,-0.99507457,0.96888155,0.665729,0.9968616,-0.9689097,0.0109160375,3,4
"Suite, BWV 995: iii. Courante||J.S. Bach",-0.87053084,0.71805567,-0.5936891,-0.64529693,0.40551996,-0.25081655,-0.60594785,-0.38455078,-0.09593695,0.6144027,-0.96043336,-0.9972571,-0.7863865,0.98492765,0.3529902,0.6653112,0.87477016,0.14563516,-0.92263514,-0.53735876,0.6525107,0.36661756,0.98817015,-0.9906688,-0.3245163,5,4
Tarleton's Resurrection||John Dowland,-0.87053084,0.08840521,-0.5936891,-0.7490835,-0.510591,-0.25081655,0.33927676,-0.36607555,-0.04331633,-0.2530368,-0.9574529,-0.05581087,-0.66878176,0.5060928,0.22962014,0.7534425,0.1579362,0.91494995,-0.991516,-0.98863685,-0.87413776,0.36661756,-0.5307822,-0.8057347,-0.32908216,1,0
The King Of Denmark's Galliard||John Dowland,-0.9168084,0.02527241,-0.5936891,-0.80475193,-0.41839507,0.20597889,0.8152337,-0.37226704,-0.13100518,0.14985403,-0.95830977,0.08488882,-0.5610879,0.6074747,0.74221253,0.4469577,0.638808,0.9007737,-0.933113,-0.77178,-0.8798972,0.5807047,-0.6131272,-0.8188777,-0.4742971,2,2
"The Last Rose of Summer, Op. 125 no. 2||Traditional Irish melody, arr. by Mauro Giuliani",-0.87425447,-0.23169824,-0.53512996,-0.7111514,-0.705669,0.20597889,-0.57518035,-0.368143,-0.030243395,-0.51293,-0.958106,-0.06287148,-0.6032679,0.5855606,0.855085,0.54565734,0.638808,0.952457,-0.99503857,-0.98370767,0.32693785,0.31264576,0.97810197,-0.80814385,0.08229529,2,3
The Weeping Willow||Scott Joplin,-0.8830988,0.18399058,-0.5936891,-0.77792794,-0.32349443,0.20597889,0.75996536,-0.38047102,-0.14511585,0.5627415,-0.96043336,-0.14014082,-0.64586115,0.5685406,0.8837755,-0.33930656,0.7835889,0.9400494,-0.96106064,-0.81197786,-0.17221366,0.75571024,0.94579315,-0.85103655,-0.39132527,5,4
"Traumerei from Kinderscenen, Op. 15||Robert Schumann",-0.8806208,0.6312312,-0.53512996,-0.81814396,0.44997096,-0.25081655,0.96087617,-0.39468446,-0.2706308,0.95920485,-0.9591248,-0.45309386,0.4913823,0.9933111,0.55478555,0.45440462,0.638808,0.89385515,-0.9460064,-0.8807524,-0.76646185,0.24021481,0.47317386,-0.8825326,-0.37826085,4,5
Vals Tropical||Agustin Barrios Mandore,-0.87550473,0.23742366,-0.53512996,-0.71580446,0.43578863,-0.25081655,0.062366556,-0.4007191,-0.16690604,0.8839523,-0.96205556,-0.15086347,-0.7567871,0.6863455,0.70472795,0.08898359,0.87477016,0.30287698,-0.96720463,-0.56897235,0.036364846,0.80649686,0.96373934,-0.97000086,-0.4742971,3,4
Valses Poeticos - Valse No. 4||Enrique Granados,-0.87053084,0.34988087,-0.5936891,-0.7921472,0.030673208,0.20597889,0.563288,-0.38861558,-0.25370914,0.8571589,-0.95835817,-0.63075113,-0.52802515,0.6285015,0.7350562,0.12902507,0.87477016,0.8812755,-0.9618649,-0.8794851,-0.8711623,0.73638743,-0.4878963,-0.91390675,-0.36060512,3,3
Valses Poeticos - Valse No. 5||Enrique Granados,-0.9074042,0.33616182,-0.5936891,-0.79788095,0.36702695,0.20597889,0.85875916,-0.38455078,-0.1696123,0.78543997,-0.9585704,-0.20227684,-0.6632851,0.56275594,0.52966493,0.39831197,0.42821875,0.9509842,-0.98096806,-0.80771303,-0.8698672,0.69385326,-0.46924555,-0.8634366,-0.4623254,6,3
Valses Poeticos - Valse No. 6||Enrique Granados,-0.87053084,0.35393748,-0.53512996,-0.83435774,-0.16838257,-0.25081655,0.9674134,-0.40472302,-0.3130058,0.8978458,-0.9592332,-0.025650982,-0.49631006,0.8743843,0.8692328,0.1368841,0.638808,0.9637786,-0.9757266,-0.7400076,-0.817994,0.64585596,0.14761582,-0.8543351,-0.47032568,5,4
Vivace||Adam Falckenhagen,-0.87053084,-0.091794215,-0.5936891,-0.8185683,-0.609028,-0.25081655,0.82351345,-0.38658506,-0.17811617,-0.030098315,-0.95931435,0.033047795,-0.45247552,0.6180987,0.9026119,-0.94139904,0.87477016,0.906099,-0.70487,-0.5397985,-0.8162168,0.6753264,0.1629754,-0.8087408,-0.48609596,1,1
Zarabanda||Gaspar Sanz,-0.87053084,-0.41213483,-0.69389033,-0.8107897,-0.8424197,0.5877495,0.9735264,-0.37020686,-0.09868091,-0.1193219,-0.9557681,0.2897178,-0.51207256,0.5268814,0.7535673,0.51059616,0.42821875,-0.62214965,-0.96254534,-0.7960102,-0.9058053,0.64585596,-0.91580474,-0.79415965,-0.45829672,1,0
"Allegretto moderato, Op. 6 no. 11||Fernando Sor",-0.87053084,-0.17244463,-0.5936891,-0.67161053,-0.34589738,0.20597889,-0.6997364,-0.37637642,-0.080034,-0.48155487,-0.96043336,-0.8545711,0.8617985,0.98025864,0.74380565,-0.33068475,0.7835889,0.54944485,-0.6192818,-0.8996835,0.2249696,0.46727547,0.97391397,-0.97535104,-0.15148655,2,3
"Allegro, Op. 60 no. 20||Matteo Carcassi",-0.87053084,-0.5261773,-0.73589134,-0.9176752,-0.42451805,0.81423664,0.98809636,-0.4361904,-0.64549726,0.8450114,-0.9551484,0.37381825,0.22608733,0.8168403,0.9030258,-0.85375,0.87477016,0.4737379,-0.5126702,-0.47684515,-0.7765611,0.85946923,0.42558372,-0.7986549,-0.52043927,2,4
"Andantino Grazioso, Op. 5 no. 8||Matteo Carcassi",-0.87053084,0.33152622,-0.5936891,-0.7787488,-0.19938529,0.20597889,0.63081837,-0.37842557,-0.13897794,0.31569478,-0.9582328,-0.55533105,0.21456055,0.72068346,0.67380077,-0.14677055,0.7835889,0.016855313,-0.9551373,-0.94614863,0.05948231,0.35904622,0.9652114,-0.8494338,-0.25430453,1,4
Armonias de America||Agustin Barrios Mangore,-0.9064587,0.44732594,-0.5936891,-0.7089203,0.6138787,0.20597889,-0.24016231,-0.41268438,-0.14375848,0.98253334,-0.9597656,-0.9896984,0.014407792,0.9961138,0.5978176,0.5822762,0.7835889,-0.34466445,-0.96421623,-0.93992007,0.63582826,0.6033526,0.98773044,-0.968626,-0.13144927,5,5
"Cadenzas, Caprices, Rondos & Preludes, Op. 100: 13. Capricie||Mauro Giuliani",-0.87053084,0.06644793,-0.64656997,-0.94287866,-0.7887681,0.20597889,0.89837396,-0.4361904,-0.79096395,0.3750805,-0.9587433,-0.13475476,0.41895595,0.8168403,0.84704906,-0.7141969,0.87477016,0.39910817,-0.65450174,-0.53109074,-0.67656684,0.80649686,0.71861696,-0.8445013,-0.4663351,3,3
"Cadenzas, Caprices, Rondos & Preludes, Op. 100: 14. Capricie||Mauro Giuliani",-0.87053084,0.56973666,-0.5936891,-0.77410966,-0.44221723,-0.023653386,0.09876392,-0.37637642,-0.17311457,0.3784899,-0.96043336,-0.83554566,-0.10321046,0.70392555,0.9192746,-0.65806764,0.638808,0.7665027,-0.53656447,-0.6921569,-0.5950882,0.64585596,0.8137343,-0.8510867,-0.41275138,2,3
"Cadenzas, Caprices, Rondos & Preludes, Op. 100: 16. Rondo||Mauro Giuliani",-0.87053084,-0.06863758,-0.64656997,-0.79197544,-0.77486503,0.20597889,0.7861893,-0.4361904,-0.16940752,-0.5226545,-0.9587433,-0.34015015,0.19444834,0.9496073,0.852026,-0.5679504,0.87477016,0.8708089,-0.8694336,-0.88620794,-0.26877803,0.46727547,0.93292296,-0.8020422,-0.27805114,2,3
"Cadenzas, Caprices, Rondos & Preludes, Op. 100: 22. Preludi||Mauro Giuliani",-0.87053084,0.973378,-0.16557805,-0.82895947,0.7003274,-0.9955046,0.37653238,-0.42841876,-0.38027,-0.5391389,-0.96205556,-0.9991256,0.2928186,0.9424713,0.91807324,-0.8437379,0.638808,-0.866678,-0.60656214,-0.71838176,-0.82437843,0.5326026,0.08936871,-0.85762227,-0.38698763,1,1
"Cadenzas, Caprices, Rondos & Preludes, Op. 100: 24. Preludi||Mauro Giuliani",-0.87053084,-0.39164045,-0.5936891,-0.7663637,-0.45517775,0.67167926,-0.29631048,-0.4361904,-0.3409615,0.099653326,-0.9587433,0.2834808,-0.36277562,0.8168403,0.8947331,-0.7757523,0.87477016,0.8082284,-0.62086916,-0.692171,-0.66479987,0.69385326,0.73681235,-0.8710142,-0.40423384,4,2
"Cadenzas, Caprices, Rondos & Preludes, Op. 100: 3. Cadenze||Mauro Giuliani",-0.87053084,0.7848172,-0.5936891,-0.71908224,0.82562584,-0.25081655,-0.8032941,-0.36400443,-0.030465515,-0.7121639,-0.96043336,-0.95382184,-0.40428135,0.5855606,0.938882,-0.79391074,0.638808,-0.7372719,-0.62482893,-0.87264955,-0.84285015,0.69385326,-0.10802658,-0.79824066,-0.26859137,0,0
"Ecossaise, Op. 33 no. 11||Mauro Giuliani",-0.87053084,-0.15340917,-0.64656997,-0.7288129,-0.85190094,0.20597889,0.15742321,-0.35985148,-0.057072688,-0.812328,-0.9587433,0.106893174,-0.7339739,0.46270928,0.8915809,-0.3618284,0.42821875,0.49656188,-0.934934,-0.69424796,-0.9083323,0.46727547,-0.93446195,-0.8285333,-0.47032568,0,0
Estilo (Chinita)||Agustin Barrios Mandore,-0.87053084,0.6486367,-0.5936891,-0.7020785,0.6591562,0.20597889,-0.08031958,-0.37944874,-0.106218204,0.5357513,-0.9591723,-0.43605572,-0.750514,0.70392555,0.5227606,0.47251186,0.638808,0.43313068,-0.98190737,-0.80546266,-0.5458336,0.46727547,0.8481101,-0.95939296,-0.38263276,2,4
Estudios Sencillos: V||Leo Brouwer,-0.87053084,0.95239264,-0.47093278,-0.7863225,-0.4758243,-0.8295803,0.9194269,-0.37020686,-0.19944906,-0.29868236,-0.96205556,-0.9433979,-0.41966575,0.5390611,0.89559627,-0.89398897,0.7835889,0.49996218,-0.88874906,-0.7560488,-0.8774597,0.4807948,-0.5784734,-0.8862408,-0.4085015,0,0
Estudios Sencillos: XI||Leo Brouwer,-0.87053084,-0.037281528,-0.64656997,-0.8070763,-0.71481526,0.20597889,0.9151566,-0.4361904,-0.34334695,-0.006209145,-0.9587433,-0.051291328,-0.21374863,0.8168403,0.85263425,-0.7247626,0.87477016,0.89229184,-0.6151517,-0.5617574,-0.83055973,0.5326026,0.02820429,-0.8812309,-0.44199362,2,2
Estudios Sencillos: XIII||Leo Brouwer,-0.8811703,0.2062752,-0.5936891,-0.81223845,-0.28504518,0.5877495,0.9936629,-0.39669985,-0.22425713,-0.33930978,-0.9587433,-0.21981362,-0.47576725,0.7366395,0.6437375,0.34780964,0.87477016,0.37488672,-0.9791062,-0.7957981,-0.52550036,0.85946923,0.859337,-0.91881174,-0.4085015,2,4
Estudios Sencillos: XVII||Leo Brouwer,-0.87053084,-0.2786179,-0.64656997,-0.7969541,-0.29145586,0.20597889,0.3363309,-0.4361904,-0.28224903,0.41101456,-0.9587433,0.14944084,0.005338946,0.8168403,0.86934274,-0.6314495,0.87477016,0.08978637,-0.5761863,-0.5950236,-0.67559916,0.36661756,0.7201901,-0.8189774,-0.39132527,4,3
"Goldberg Variations, BWV 988: Variatio 2||J.S. Bach",-0.87053084,0.30147302,-0.47093278,-0.80793786,0.10311586,-0.25081655,0.90553606,-0.38861558,-0.18950102,0.8593761,-0.9592197,-0.5328736,0.18144868,0.7929007,0.5423464,0.32182896,0.638808,0.97813696,-0.98073226,-0.9300617,-0.7107539,0.35904622,0.6522075,-0.84157544,-0.26859137,6,4
Lesson 15: Waltz||Dionisio Aguado,-0.87053084,0.56973666,-0.5936891,-0.75129974,-0.25923827,-0.25081655,0.061819658,-0.3653856,-0.0766981,-0.008864409,-0.95861036,-0.79344475,-0.07054048,0.90286523,0.6863528,0.090696454,0.638808,0.8229226,-0.929314,-0.8956891,-0.8971278,0.43251222,-0.8340323,-0.83299655,-0.37826085,0,1
Lesson 23||Dionisio Aguado,-0.87053084,0.02136351,-0.64656997,-0.82640535,-0.5338274,0.20597889,0.9699856,-0.39669985,-0.32792294,0.14822786,-0.95698255,-0.61615497,0.9628487,0.98025864,0.29289612,0.07340908,0.638808,0.9538814,-0.9714422,-0.9802623,-0.89068294,0.43251222,-0.75832915,-0.9566033,-0.20590523,1,2
Packington's Pound||Anonymous,-0.87053084,-0.5261773,-0.73589134,-0.73184246,-0.921506,0.81423664,0.009602132,-0.35985148,-0.05626789,-0.85896707,-0.9551484,0.37381825,-0.80088717,0.46270928,0.65435505,0.3506579,0.42821875,0.8452434,-0.94349676,-0.6437656,-0.8538378,0.64585596,-0.2461228,-0.86685854,-0.4899902,0,1
Twenty-one Lessons: 14||Dionisio Aguado,-0.87053084,0.40198037,-0.64656997,-0.66339135,-0.32486117,0.20597889,-0.60964435,-0.35985148,-0.046394844,-0.75067884,-0.9587433,-0.9988726,-0.41187513,0.7366395,0.781457,0.33601406,0.638808,0.90558964,-0.99350727,-0.99977237,-0.8650141,0.46727547,-0.39982522,-0.96821207,0.12778571,0,1
Twenty-one Lessons: 19||Dionisio Aguado,-0.87053084,-0.5261773,-0.73589134,-0.96140206,-0.76220477,0.81423664,0.92541826,-0.4361904,-0.838798,-0.6729378,-0.9551484,0.37381825,0.9838388,0.95587826,0.9105748,-0.70511615,0.638808,-0.9905192,-0.5126702,-0.62910706,-0.8985104,0.64585596,-0.848758,-0.86239606,-0.44199362,0,1
Cadiz from Suite Espanola||Isaac Albeniz,-0.87652487,0.05937073,-0.5936891,-0.7771417,0.12062557,0.20597889,0.44831726,-0.3977061,-0.1833682,0.8513395,-0.96043336,-0.1496353,-0.44477037,0.83826226,0.74398154,-0.28535745,0.7835889,0.9202201,-0.9520828,-0.8451448,0.29473788,0.5326026,0.976854,-0.8336129,-0.30146268,7,5
Estudio 20||Fernando Sor,-0.8757803,0.39843324,-0.53512996,-0.7656621,0.37644514,-0.25081655,0.43733975,-0.37637642,-0.10287549,0.8406962,-0.96043336,-0.5534388,-0.21794601,0.90286523,0.6324035,0.59219253,0.638808,0.47573844,-0.98374873,-0.9761487,0.43780658,0.39641368,0.9819742,-0.84583426,-0.18130568,4,5
"Gran Sonata Eroica, Op. 150||Mauro Giuliani",-0.8767213,0.36740923,-0.53512996,-0.8562052,-0.32458553,-0.25081655,0.8901155,-0.4361904,-0.51938677,0.89544284,-0.9605986,-0.41200483,0.68518627,0.9986902,0.7161092,-0.03022468,0.87477016,0.914007,-0.84399587,-0.8361461,0.99994946,0.59214556,0.99955344,-0.9052609,-0.16145976,6,6
La donna e mobile from 'Rigoletto'||Giuseppe Verdi,-0.8776467,-0.12996434,-0.5936891,-0.74452573,-0.29988804,0.20597889,0.5979372,-0.37637642,-0.1161611,0.36774603,-0.96043336,-0.17894444,0.36739773,0.9146983,0.66886646,0.48929352,0.42821875,0.4354612,-0.9843178,-0.9793688,-0.83000606,0.35904622,0.033880137,-0.92381436,-0.18624485,3,3
Lagrima||Francisco Tarrega,-0.87053084,0.26565522,-0.64656997,-0.87469405,-0.58756834,0.20597889,0.99053174,-0.39669985,-0.27487066,0.6076389,-0.9573405,-0.293508,-0.06916751,0.66792506,0.8547727,-0.5477242,0.7835889,0.55483854,-0.94346213,-0.7687964,-0.9054848,0.39641368,-0.9132633,-0.79415965,-0.4460975,1,1
Leyenda||Isaac Albeniz,-0.8729854,0.5944147,-0.53512996,-0.9487285,-0.4624472,-0.25081655,0.999316,-0.40771583,-0.46124178,0.4975101,-0.96205556,-0.52656645,0.99964523,0.92511123,0.91856223,-0.9699674,0.87477016,0.5830003,-0.638063,-0.7982189,0.99167216,0.57489645,0.9981212,-0.8374632,-0.16145976,6,6
Entre olivares||Joaquin Rodrigo,-0.8807943,0.40709382,-0.53512996,-0.7532694,-0.5922752,-0.25081655,0.2371614,-0.4361904,-0.25265238,0.6167453,-0.96015644,-0.40513945,-0.6710153,0.9424713,0.6792629,0.4107126,0.87477016,0.978104,-0.94482106,-0.9600995,0.98222595,0.7027873,0.9975039,-0.9427084,0.087370336,6,5
