piece_id,barre_ratio,avg_chord_stretch,max_chord_stretch,avg_position_shift,fret_change_rate,avg_fret,p90_fret,high_position_ratio,open_string_ratio,p90_chord_stretch,shift_rate,max_position_shift,std_position_shift,fret_entropy,max_avg_chord_stretch_window,p95_position_shift_window,avg_stretch_velocity_beats,p90_stretch_velocity_beats,avg_position_shift_speed_beats,max_position_shift_speed_beats,arpeggio_density,avg_string_jump,max_string_jump,string_entropy,chord_ratio,polyphonic_arpeggio_intensity_beats,avg_polyphony,total_notes,tempo_bpm,log_total_notes,repetition_ratio,max_note_density_window,true_label,predicted_label
24 Piezas Sudamericanas: 24. Milonga||Jorge Cardoso,0.6030296,-0.73686385,0.17136502,0.7021181,0.38511068,-0.37401867,-0.6919521,0.035676654,0.49941278,-0.4894104,0.3638965,0.46284094,0.5581764,-0.30809268,-0.33395758,0.76014465,-0.5867177,-0.78466386,0.8173754,0.61469394,-0.5946386,-0.8513648,-0.27799392,0.55101264,0.6378772,0.7634016,0.12732674,-0.64029366,-0.3874783,-0.28281972,0.43450624,0.48410898,3,4
24 Piezas Sudamericanas: 8. Polo Margariteno||Jorge Cardoso,0.61676425,-0.7287686,0.17136502,0.84794056,0.37657112,-0.37795082,-0.6919521,-0.046079017,0.7917746,-0.4894104,0.7359288,0.9741275,-0.57482934,-0.4422788,-0.21436,0.9205535,-0.49254745,-0.6853713,0.8127396,0.77855104,-0.5650991,-0.8321501,-0.27799392,0.8494324,0.74097496,0.55936027,0.10323453,-0.33161718,-0.9614918,0.14327243,0.45427716,-0.10884428,5,4
A Fancy||John Dowland,0.6128921,-0.7268492,0.25926822,0.70820093,0.3807615,-0.59529454,-0.6958731,-0.1095097,0.30737993,-0.4894104,0.19927572,0.1158378,0.6197814,-0.6260145,-0.291469,0.7428545,-0.5225936,-0.6853713,0.8491287,0.48682642,-0.43392256,-0.4988651,-0.27799392,0.63706535,0.44490555,0.72816193,0.16477841,-0.31712115,-0.4727388,0.15694939,0.44430694,0.26979923,6,3
A mi madre (Sonatina)||Agustin Barrios Mangore,0.60580134,-0.7596818,0.25926822,0.8009609,0.34352073,0.38961345,-0.6819689,0.4040441,0.8412289,-0.5878362,0.8524294,0.9666925,-0.12224467,0.139868,-0.21436,0.90923625,-0.6880903,-0.90402704,0.6864475,0.9270265,-0.46987143,-0.64851904,-0.27799392,0.46888816,0.75771904,0.63794094,0.12342885,0.5624571,-0.5287594,0.6508767,0.54076153,0.3603806,5,7
Adagio from Pathetique Sonata||Ludwig van Beethoven,0.47741422,-0.74292964,0.34307608,0.71423495,0.32212788,-0.19051963,-0.68798995,0.07524922,0.87638736,-0.5878362,0.6250138,0.35638067,0.5542328,-0.16155379,-0.26612878,0.73289907,-0.6653113,-0.8553815,0.70745313,0.75866985,-0.42955533,-0.47925675,-0.4886661,0.47365662,-0.14020959,0.96628195,0.2671673,0.4882907,-0.7884547,0.6201289,0.5104941,0.9844464,5,6
Aires Andaluces||Agustin Barrios Mandore,0.5766472,-0.75472593,0.4945585,0.70545703,0.32595596,0.10364335,-0.6859934,0.21361144,0.80777204,-0.5878362,0.47103807,0.88496816,0.4829786,0.0057749106,-0.15466027,0.7816286,-0.6279349,-0.82314754,0.823088,0.71676993,-0.37649903,-0.5218271,-0.38839334,0.41510418,0.44154975,0.7581663,0.2181151,0.9822335,-0.97131014,0.8865124,0.54344106,0.7231715,6,7
Aires Mudejares||Agustin Barrios Mandore,0.67042196,-0.68464845,-0.10331066,0.74942374,0.41403633,-0.0057416526,-0.68798995,0.29716522,0.53219146,-0.2516256,0.6347135,0.35638067,0.51088,-0.17065792,-0.4341821,0.77244514,-0.43176666,-0.5517928,0.72636473,0.61469394,-0.53833675,-0.72246855,-0.27799392,-0.20819715,0.8785768,0.667018,0.05674628,-0.8832836,-0.8939962,-0.9418999,0.45876598,0.22252332,5,3
"Allegretto, Op. 38 no. 13||Napoleon Coste",0.51219594,-0.745196,0.62096804,0.72008413,0.32673678,-0.64396477,-0.6997529,-0.1286547,0.08382724,-0.4894104,0.46763358,0.5574374,0.4122606,-0.64173275,0.21833873,0.80609417,-0.50795573,-0.6853713,0.884538,0.48682642,-0.46900967,-0.4180901,-0.4886661,0.58001125,-0.067073695,0.74579877,0.32682973,-0.55740654,-0.8779275,-0.13458572,0.4710048,0.22252332,2,3
"Allegretto, Op. 60 no. 8||Fernando Sor",0.67042196,-0.7221657,0.08064605,0.6525789,0.3786968,-0.73651844,-0.6997529,-0.16729365,-0.5728096,-0.4894104,-0.39259085,-0.26194957,0.646781,-0.844653,-0.32871586,0.68453664,-0.4690985,-0.6231049,0.9130557,0.24969201,-0.6098329,-0.83426434,-0.38839334,-0.074410334,0.27416116,0.49916434,0.16480802,-0.90020853,-0.9203246,-0.97796524,0.43450624,-0.40371916,0,0
"Allegro in D Major, Op. 50 no. 26||Mauro Giuliani",0.66242886,-0.7153733,0.17136502,0.6998221,0.38118094,-0.6020759,-0.6958731,-0.09975998,-0.18785632,-0.5878362,0.45161083,0.46284094,0.54413503,-0.6548704,-0.21436,0.7584619,-0.49291638,-0.69111377,0.8223604,0.61469394,-0.4363203,-0.5782129,-0.38839334,0.23438679,0.6545,0.7883175,0.13621666,-0.7562028,-0.72479516,-0.55975705,0.44542682,0.5573723,2,2
"Allemande, BWV 996||J.S. Bach",0.64097875,-0.73852855,0.17136502,0.77369213,0.3800082,-0.3207507,-0.6919521,-0.0024705757,0.8012087,-0.4894104,0.75588536,0.5574374,0.50711364,-0.24156256,-0.34532228,0.72826713,-0.6050935,-0.78466386,0.7275258,0.61469394,-0.45803785,-0.5554896,-0.27799392,0.51182514,0.49878842,0.80802613,0.14485556,-0.71672636,-0.5499807,-0.45475313,0.44710445,0.53380716,4,4
Alman||Robert Johnson,0.60437846,-0.7228003,0.17136502,0.7143802,0.37891364,-0.62630093,-0.6958731,-0.12426344,0.23533958,-0.4894104,-0.0111515075,-0.033179022,0.63169277,-0.6126936,-0.291469,0.71767783,-0.51056457,-0.6853713,0.81100076,0.48682642,-0.44526407,-0.58994395,-0.27799392,0.625064,0.44253907,0.81187725,0.18137369,-0.79152143,-0.5499807,-0.66334206,0.43653414,0.45800087,3,2
"Andante, Op. 241 no. 5||Ferdinando Carulli",0.63067436,-0.700851,-0.011429021,0.6118702,0.36917898,-0.71863234,-0.6997529,-0.16729365,-0.54659665,-0.37670672,-0.39259085,-0.26194957,0.6852744,-0.8416378,-0.38674697,0.68453664,-0.45622495,-0.6231049,0.90660834,0.33402658,-0.57093215,-0.8074148,-0.38839334,0.75445825,0.075574,0.65897775,0.18487154,-0.8677526,-0.7884547,-0.9001414,0.43450624,-0.10884428,0,0
Andantino in C; Op. 35 no. 2||Fernando Sor,0.6390204,-0.71658593,0.08064605,0.66910625,0.34986156,-0.6982907,-0.6997529,-0.16729365,-0.2427844,-0.4459691,-0.39259085,-0.26194957,0.6607379,-0.8209471,-0.291469,0.68453664,-0.48303258,-0.6231049,0.88700074,0.39791498,-0.56535095,-0.46381345,-0.57750183,0.37799656,-0.628179,0.7791398,0.27521962,-0.88446504,-0.7884547,-0.94479567,0.43450624,0.10842611,0,0
"Andantino, Op. 44 no. 9||Fernando Sor",0.6023812,-0.7403801,0.17136502,0.6503554,0.32523265,-0.69987243,-0.69781816,-0.16729365,-0.71734405,-0.4894104,0.004227315,-0.011826143,0.63965446,-0.76817995,-0.291469,0.69700146,-0.48125446,-0.6231049,0.9131092,0.24969201,-0.4123428,-0.41913894,-0.4886661,-0.44117582,-0.46232262,0.61963576,0.30121696,-0.8840725,-0.863461,-0.9438387,0.45327896,-0.3161902,0,0
"Andantino, Op. 6 no. 8||Fernando Sor",0.5603094,-0.75322795,0.17136502,0.7086199,0.3235742,-0.6262074,-0.69781816,-0.16729365,0.59679025,-0.4894104,0.3592845,0.052219175,0.6329597,-0.67348605,-0.291469,0.71622944,-0.5091099,-0.65535,0.8975646,0.33402658,-0.42955533,-0.30416197,-0.4886661,0.22036403,-0.72000223,0.7688701,0.41533208,-0.796181,-0.7884547,-0.6776123,0.4377547,0.15786074,2,1
Be Thou With Me (Bist du bei  mir)||J.S. Bach,0.615307,-0.712329,0.08064605,0.66767645,0.3652273,-0.62877494,-0.69781816,-0.14019907,-0.05787276,-0.4894104,-0.12985769,0.1158378,0.6352965,-0.686158,-0.3387049,0.70508456,-0.46859783,-0.64058214,0.89518243,0.33402658,-0.4607034,-0.5685227,-0.27799392,0.7586771,-0.12617463,0.6429625,0.22291167,-0.81752104,-0.7884547,-0.7442923,0.43963808,-0.092234984,6,1
Branle||Jean-Baptiste Besard,0.5568113,-0.73652774,0.17136502,0.7319939,0.32389268,-0.5972648,-0.6958731,-0.1525279,0.149505,-0.4894104,0.5729522,0.052219175,0.60062325,-0.71768653,-0.291469,0.7428545,-0.5225936,-0.6853713,0.8491287,0.48682642,-0.40143237,-0.31994027,-0.4886661,0.8462358,-0.56063247,0.72816193,0.41529572,-0.83023727,-0.7884547,-0.78463775,0.43450624,0.26979923,1,1
Branle Gay||Jean Baptiste Besard,0.67042196,-0.68464845,-0.10331066,0.70888376,0.40372226,-0.66685134,-0.69781816,-0.16729365,-0.15242834,-0.2516256,0.30818835,-0.13910583,0.6209201,-0.7565214,-0.4341821,0.70508456,-0.43176666,-0.5517928,0.8848332,0.338119,-0.3398247,-0.32357976,-0.65448606,-0.89921904,0.6131325,0.5649419,0.13029109,-0.893882,-0.9385623,-0.96598434,0.43450624,-0.2545678,0,0
Cancion de la Hilandera||Agustin Barrios Mangore,0.6551873,-0.6952812,0.08064605,0.64991117,0.31675434,0.057433125,-0.6899762,0.17266068,0.9354158,-0.37670672,0.26542747,0.23978597,0.57334876,-0.23438028,-0.291469,0.7428545,-0.5225936,-0.6853713,0.8491287,0.48682642,-0.4307844,-0.7006809,-0.27799392,-0.9986474,0.8363242,0.72816193,0.075622566,-0.44596568,-0.645773,0.020237513,0.6146261,0.26979923,4,3
"Canzonetta from the String Quartet, Op. 12||Felix Mendelssohn",0.55045515,-0.7509556,0.25926822,0.76681614,0.3460752,-0.18759717,-0.68798995,0.12366768,0.8151132,-0.5878362,0.7371518,0.6000345,0.5029956,-0.10251886,-0.3008693,0.76014465,-0.58297706,-0.78466386,0.77071285,0.61469394,-0.45735803,-0.48156506,-0.27799392,0.61019874,-0.076730646,0.875444,0.26895005,-0.6273716,-0.645773,-0.25737658,0.4479099,0.65272224,4,5
Choros No. 1||Heitor Villa-Lobos,0.27317905,-0.76010656,0.25926822,0.7238092,0.3074836,-0.5072131,-0.6958731,-0.09162156,0.73903817,-0.4894104,0.6353627,0.41101116,0.5233621,-0.42601353,-0.31021148,0.7419627,-0.61882424,-0.78466386,0.81240714,0.61469394,-0.49592075,-0.5012066,-0.38839334,0.69972557,-0.27133986,0.97010094,0.41613126,0.045949087,-0.72479516,0.41402835,0.46099952,0.82297,4,5
Cinco Piezas para guitarra: I. Campero||Astor Piazzolla,0.63280666,-0.7654496,0.34307608,0.79881614,0.37740082,0.25839487,-0.6859934,0.34845078,0.90648043,-0.5878362,0.9422997,0.63948053,0.45145953,0.06368138,-0.21436,0.81562006,-0.5614649,-0.73900485,0.83272976,0.5212301,-0.4957842,-0.6387996,-0.27799392,0.67708284,0.50683767,0.6482034,0.17266819,-0.10484177,-0.7386973,0.32298595,0.4444299,0.23841098,5,6
Cinco Piezas para guitarra: IV. Triston||Astor Piazzolla,-0.23192984,-0.78051746,0.25926822,0.72921336,0.26402554,0.22304806,-0.6859934,0.32846802,0.8363112,-0.5878362,0.8326177,0.41101116,0.4085102,0.025284205,-0.21436,0.7578987,-0.5200104,-0.65535,0.90009534,0.36106512,-0.23472747,-0.2329054,-0.57750183,0.76851237,-0.84288955,0.8875163,0.61140054,-0.18932226,-0.645773,0.2635005,0.551635,0.15786074,6,5
Contemplacion||Agustin Barrios Mandore,0.661961,-0.78345335,0.34307608,0.71268123,0.31621718,0.4735109,-0.6839863,0.48938125,0.9232379,-0.6714737,0.6274434,0.9741275,0.15748648,-0.050633516,-0.291469,0.7428545,-0.5225936,-0.6853713,0.8491287,0.48682642,-0.43653315,-0.79279315,-0.27799392,-0.9932622,0.86713606,0.72816193,0.06576537,0.98152244,-0.645773,0.88532156,0.6132509,0.26979923,6,6
Dance de las hachas (Dance of the Axes)||Gaspar Sanz,0.67042196,-0.72413605,0.08064605,0.67537093,0.38668513,-0.7174858,-0.6997529,-0.16729365,-0.16110379,-0.4894104,-0.39259085,-0.26194957,0.6574682,-0.7906056,-0.3649675,0.68453664,-0.4634582,-0.6231049,0.90019536,0.33402658,-0.35285,-0.40216753,-0.57750183,0.27986148,0.4839305,0.5320961,0.17267554,-0.8949621,-0.93101746,-0.96817166,0.43450624,-0.34606564,0,0
Dance of the Miller from The Three-Cornered Hat||Manuel de Falla,-0.30025554,-0.7442998,0.17136502,0.65988547,0.25674784,-0.4842995,-0.69391775,-0.07015356,0.5157795,-0.4894104,0.17460276,0.5574374,0.5714235,-0.4632182,-0.21436,0.76595485,-0.6411001,-0.78466386,0.8375055,0.71676993,-0.2703775,-0.25102133,-0.4886661,0.85601217,-0.47854912,0.9858922,0.6303089,0.9586448,-0.8779275,0.8562182,0.6015059,0.99845386,3,5
Danza Guarani||Agustin Barrios Mandore,0.6095613,-0.7435005,0.17136502,0.7050191,0.32027873,0.25552434,-0.6819689,0.37432677,0.79296863,-0.4894104,0.5248179,0.6758246,0.48054862,-0.09966153,-0.291469,0.7605638,-0.6583852,-0.8867577,0.68634486,0.8538106,-0.32719648,-0.5425623,-0.27799392,0.5951664,-0.095880434,0.9090335,0.23863001,-0.7881357,-0.72479516,-0.6530526,0.55589956,0.7387947,5,5
Dos Temas Populares Cubanos - Les Yeux Sorciers - Ojos Brujos||Leo Brouwer,0.40729654,-0.7236541,0.17136502,0.74787223,0.3256232,-0.4778036,-0.6919521,-0.038171295,0.17650871,-0.4894104,0.803461,0.63948053,0.35694858,-0.3736043,-0.291469,0.81022936,-0.5261804,-0.6853713,0.8076212,0.71676993,-0.37818423,-0.55262053,-0.27799392,0.83232945,-0.26297343,0.8171967,0.28042004,-0.5635795,-0.4371431,-0.14450072,0.5109487,0.6228751,4,4
Douze Etudes - Etude No. 10||Heitor Villa-Lobos,0.61146224,-0.73276484,0.08064605,0.71077555,0.35970142,-0.061159864,-0.68798995,0.17237714,0.57297367,-0.4894104,-0.22459896,0.767275,0.58528423,-0.1870954,-0.291469,0.72451293,-0.5645699,-0.78466386,0.81977165,0.48682642,-0.2806962,-0.31750646,-0.27799392,0.76068676,0.6163578,0.7986442,0.18916035,0.5624571,-0.6873124,0.6508767,0.4846516,0.8283108,6,6
Douze Etudes - Etude No. 6||Heitor Villa-Lobos,0.002111432,-0.8534583,0.9501763,0.8787398,0.3004618,0.021718185,-0.6859934,0.15111955,0.83517617,-0.99515927,0.9763422,0.9666925,-0.49583405,0.042604033,0.34822527,0.9102636,-0.7386468,-0.9368984,0.6092664,0.88384527,-0.5196856,-0.8234256,-0.38839334,0.71641564,-0.6809192,0.98759717,0.5372604,0.09251918,-0.7884547,0.4391523,0.45151037,0.91681165,4,5
Einleitende Etuden (Introductory Studies); Op. 60 no. 14||Fernando Sor,0.6432119,-0.7279559,0.62096804,0.665606,0.32890427,-0.73739713,-0.6997529,-0.1592454,-0.69109285,-0.45704067,0.05074894,-0.13910583,0.651224,-0.82274944,-0.09380929,0.70308065,-0.47124508,-0.6231049,0.9016387,0.32786432,-0.50052565,-0.5046511,-0.38839334,0.5846239,-0.33502787,0.6415836,0.28812668,-0.8755346,-0.8779275,-0.921834,0.4397599,-0.10884428,0,0
Einleitende Etuden (Introductory Studies); Op. 60 no. 24||Fernando Sor,0.6490489,-0.76220685,0.42175588,0.6948089,0.37572196,-0.62970287,-0.6997529,-0.15432313,0.5651055,-0.5878362,-0.13976946,0.052219175,0.60304385,-0.6942946,-0.21436,0.72071534,-0.50220156,-0.65535,0.8603272,0.48682642,-0.60251456,-0.72185993,-0.38839334,-0.7914328,0.5881665,0.61625296,0.14434852,-0.81084657,-0.7884547,-0.7232436,0.4406897,-0.10884428,1,1
Einleitende Etuden (Introductory Studies); Op. 60 no. 3||Fernando Sor,0.67042196,-0.68464845,-0.10331066,0.6842833,0.4330968,-0.64896464,-0.6987868,-0.16729365,0.11029295,-0.2516256,-0.24001987,-0.13910583,0.64822984,-0.7781679,-0.4341821,0.70508456,-0.43176666,-0.5517928,0.9013817,0.33402658,-0.42375207,-0.52089655,-0.4886661,-0.96360224,0.8785768,0.4520125,0.05674628,-0.8875608,-0.9484014,-0.9521495,0.43834665,-0.43142244,0,0
Einleitende Etuden (Introductory Studies); Op. 60 no. 5||Fernando Sor,0.67042196,-0.81173414,0.34307608,0.64115876,0.4004472,-0.72701675,-0.6997529,-0.16175333,-0.6698359,-0.70789725,-0.08398077,-0.07577463,0.6350158,-0.7972216,-0.05281973,0.70508456,-0.6563629,-0.80474967,0.9002913,0.33402658,-0.5253629,-0.83583164,-0.27799392,-0.30798936,0.86317587,0.5074414,0.0631468,-0.8447418,-0.8779275,-0.83049,0.45145223,-0.28567433,0,0
El Delirio||Antonio Cano,0.6481375,-0.74065137,0.25926822,0.6736833,0.32715932,-0.061702922,-0.68798995,0.121449895,0.8834471,-0.4894104,0.5565826,0.5574374,0.53823984,-0.08702578,-0.291469,0.7428545,-0.5225936,-0.6853713,0.8491287,0.48682642,-0.4359464,-0.75227106,-0.27799392,-0.9483624,0.8300839,0.72816193,0.0865692,0.97703654,-0.77686006,0.8783852,0.60336024,0.26979923,4,6
Endecha||Francisco Tarrega,0.13248053,-0.7593853,0.17136502,0.79439634,0.3116101,0.16542034,-0.6859934,0.3451319,0.9133838,-0.5878362,0.8917028,0.1158378,0.5572051,-0.082867384,-0.30877805,0.7141263,-0.5449598,-0.69677037,0.8497952,0.46542296,-0.33403617,-0.246374,-0.65448606,0.7340002,-0.44166103,0.8942951,0.4392092,-0.8856352,-0.37468603,-0.9476163,0.4673017,0.3748916,2,4
Estilo Uruguayo||Agustin Barrios Mangore,0.50358886,-0.74672,0.17136502,0.7273678,0.33634716,-0.24027044,-0.6899762,0.059761606,0.8895269,-0.4894104,0.5707833,0.63948053,0.5126081,-0.24894658,-0.30220747,0.77002984,-0.56242675,-0.6853713,0.763406,0.8965961,-0.28780422,-0.45135266,-0.4886661,0.60371745,0.16830531,0.7470606,0.23351814,-0.6027577,-0.7519981,-0.21143709,0.5160376,0.38922125,2,5
Estudio Inconcluso||Agustin Barrios Mandore,0.64194477,-0.72068024,0.25926822,0.71917367,0.36476538,-0.38807672,-0.6919521,0.01619845,0.52927613,-0.4894104,0.63642675,0.46284094,0.54458904,-0.29936153,-0.3348292,0.70508456,-0.5491887,-0.78466386,0.7992974,0.61469394,-0.39536572,-0.3930789,-0.57750183,-0.49576482,0.6705953,0.7533889,0.115159884,-0.801393,-0.8779275,-0.6937136,0.49092743,0.43107793,2,2
Etude||Mauro Giuliani,0.67042196,-0.7134174,0.08064605,0.69694024,0.38529408,-0.69147724,-0.6997529,-0.16362435,-0.26602763,-0.4894104,-0.06826401,0.9666925,0.3209693,-0.75204843,-0.32345384,0.9119513,-0.47022203,-0.6231049,0.8867919,0.33402658,-0.4579165,-0.56830126,-0.27799392,0.8164601,0.5827957,0.6038311,0.14100608,-0.7791053,-0.8779275,-0.625959,0.436247,-0.15827332,3,1
"Etude, Op. 38 no. 23||Napoleon Coste",0.6176584,-0.7161838,0.17136502,0.70832974,0.36951032,-0.5246831,-0.6958731,-0.08460556,0.27214116,-0.4894104,0.47173944,0.54253644,0.53995556,-0.47508723,-0.291469,0.78622377,-0.53115046,-0.78466386,0.81035155,0.61469394,-0.62115216,-0.76084995,-0.4886661,0.22489099,0.27252287,0.83749926,0.17505798,0.03516624,-0.9484014,0.4080357,0.43712515,0.6019059,4,3
"Etude, Op. 60 no. 19||Matteo Carcassi",0.6426731,-0.69851375,0.08064605,0.6307285,0.36335334,-0.70957226,-0.6997529,-0.11006173,-0.7363248,-0.37670672,-0.17788205,0.23978597,0.6232889,-0.75112766,-0.3649675,0.72451293,-0.47820526,-0.6853713,0.8711817,0.48682642,-0.6229106,-0.6901148,-0.57750183,-0.82675135,0.7943007,0.7271046,0.08702569,-0.6640781,-0.81514156,-0.332227,0.43450624,0.34569302,2,0
"Etude, Op. 60 no. 25||Matteo Carcassi",0.6647685,-0.73010117,0.17136502,0.8377666,0.3933292,-0.29913226,-0.68798995,0.06422961,0.27321088,-0.4894104,0.8686104,0.9741275,-0.46857738,-0.28225026,-0.21436,0.919639,-0.54334533,-0.78466386,0.63193536,0.86350304,-0.5225044,-0.6679796,-0.27799392,-0.16850905,0.8456174,0.6831382,0.07799627,-0.09057858,-0.8779275,0.33234927,0.44992384,0.41731843,5,4
"Etude, Op. 60 no. 9||Matteo Carcassi",0.6592923,-0.72589195,0.17136502,0.7793325,0.39162394,-0.0041323365,-0.6859934,0.2184094,0.7048006,-0.4894104,0.7308789,0.70915467,0.39831448,-0.037294578,-0.21436,0.7732453,-0.5200971,-0.6853713,0.77367866,0.61469394,-0.331833,-0.38941374,-0.27799392,-0.56472874,0.6989088,0.6924477,0.121696986,-0.62954986,-0.8779275,-0.26159936,0.46023464,0.26979923,0,4
Fabiniana||Agustin Barrios Mandore,0.48353866,-0.79067737,0.34307608,0.7281408,0.31804875,0.2338018,-0.6859934,0.29569587,0.9512268,-0.5878362,0.6042471,0.73959047,0.48912936,-0.055068456,-0.23905227,0.7477125,-0.76792735,-0.94895375,0.7824222,0.6935872,-0.367734,-0.41156778,-0.38839334,0.5724377,0.15895368,0.8540114,0.28040767,-0.41368625,-0.8596036,0.05801462,0.5277257,0.7536622,3,5
Fantasia||Anonymous,0.62550366,-0.73362774,0.17136502,0.72658426,0.32582012,-0.60441184,-0.69781816,-0.111734994,-0.03435612,-0.4894104,0.6128363,0.1158378,0.5549514,-0.69271237,-0.30648166,0.73564607,-0.4539894,-0.58859265,0.914346,0.24246854,-0.38418293,-0.40741974,-0.4886661,0.8156764,-0.65261155,0.5419675,0.38027397,-0.84422547,-0.8779275,-0.8288709,0.45137155,-0.41766787,1,1
Fantasia (que contrahaze la harpa en la manera de Luduvico)||Alonso Mudarra,0.59319115,-0.7634073,0.17136502,0.7575658,0.39476058,-0.21882074,-0.6899762,0.014468929,0.9162994,-0.5878362,0.67879665,0.35638067,0.5824582,-0.42694968,-0.25331682,0.72451293,-0.5542546,-0.73900485,0.86715424,0.413332,-0.3793837,-0.54270524,-0.27799392,-0.9345014,0.8005154,0.5258085,0.10993806,-0.5111303,-0.93101746,-0.06510875,0.457055,-0.008601066,4,3
Four Easy Studies: No. 2 in E||Dionisio Aguado,0.67042196,-0.7387294,0.08064605,0.95376444,0.3558971,-0.41164634,-0.6839863,-0.03911183,-0.39492524,-0.4894104,0.87975997,0.9741275,-0.9647968,-0.75624126,-0.35059157,0.9205535,-0.47971022,-0.6231049,0.3165262,0.99903244,-0.57835233,-0.66031307,-0.4886661,-0.87214816,0.6187465,0.68896544,0.18480052,-0.84370756,-0.75842804,-0.82724535,0.47686955,0.024952209,0,1
Four Easy Studies: No. 4 in E||Dionisio Aguado,0.5624968,-0.7146717,0.17136502,0.7825381,0.3512113,-0.600383,-0.69781816,-0.15201528,0.5396364,-0.4894104,0.9367631,0.23978597,0.5460814,-0.7099805,-0.3826951,0.76014465,-0.48404688,-0.6853713,0.85441256,0.413332,-0.18522055,-0.4271543,-0.65448606,0.22947693,-0.3925538,0.75397205,0.2691076,-0.87213016,-0.7102766,-0.91250885,0.43450624,-0.008601066,0,1
Fugue in C||Johann Pachelbel,0.5194584,-0.7518098,0.25926822,0.6654431,0.32841077,-0.60604227,-0.6972357,-0.1148258,0.38469133,-0.4894104,0.013403626,0.23978597,0.6036764,-0.59552914,-0.28201205,0.7075737,-0.5956314,-0.78466386,0.8717399,0.48682642,-0.35285,-0.344947,-0.27799392,0.6484568,-0.19132899,0.88602364,0.31227314,-0.8251353,-0.8387653,-0.768432,0.48777416,0.6124982,2,2
Greensleeves||Anonymous,0.38384557,-0.6999692,0.08064605,0.62193453,0.30717906,-0.70838475,-0.6997529,-0.16729365,-0.41218144,-0.37670672,-0.019758215,-0.13910583,0.6734344,-0.8244317,-0.4070458,0.70508456,-0.47278145,-0.6231049,0.8926197,0.33402658,-0.18522055,-0.19273022,-0.65448606,0.19698846,-0.95475334,0.85980487,0.36631095,-0.85180795,-0.645773,-0.85247236,0.52351016,0.26979923,1,0
Gymnopedie No. 3||Erik Satie,0.28733647,-0.7350627,0.17136502,0.74173176,0.32159522,-0.35879633,-0.6919521,0.036414474,0.6782214,-0.4894104,0.60104346,0.35638067,0.53696024,-0.4762172,-0.291469,0.7684073,-0.4656098,-0.6231049,0.9046357,0.29242778,-0.62387174,-0.7014135,-0.27799392,0.7695204,-0.7151196,0.64619637,0.3921679,-0.7968391,-0.5287594,-0.67963743,0.43450624,-0.28567433,2,1
Jota||Agustin Barrios Mandore,0.5308989,-0.74938,0.94038194,0.6895072,0.32269126,-0.15165438,-0.6859934,0.17092146,0.3623003,-0.5878362,0.33976454,0.94499433,0.47210494,-0.15934701,-0.18558513,0.8195724,-0.6244958,-0.78466386,0.84546846,0.49847192,-0.45367166,-0.6981159,-0.27799392,0.67944694,-0.21695665,0.8883264,0.30782145,0.9976071,-0.79951483,0.92961276,0.5061474,0.9417418,5,6
La Maja de Goya||Enrique Granados,0.45292565,-0.7565373,0.34307608,0.8459782,0.35221368,0.319914,-0.6859934,0.35781133,0.8965645,-0.5878362,0.9751576,0.88496816,0.30768648,0.10405458,-0.291469,0.7428545,-0.5225936,-0.6853713,0.8491287,0.48682642,-0.5048963,-0.59461254,-0.27799392,0.6403782,-0.03871862,0.72816193,0.26346037,-0.4061983,-0.6873124,0.06640477,0.4356065,0.26979923,7,6
Le Petit-Rien (Rondeau)||Francois Couperin,0.47285637,-0.7237116,0.08064605,0.6790202,0.343146,-0.63350505,-0.6997529,-0.16729365,0.6240715,-0.4894104,-0.17169262,0.1158378,0.6247711,-0.7938667,-0.3649675,0.70207447,-0.48303258,-0.6231049,0.89452875,0.33402658,-0.39390087,-0.38308874,-0.57750183,0.7369266,-0.4874834,0.6746953,0.24328506,-0.88248974,-0.8779275,-0.9399277,0.49262953,-0.058871094,3,1
Mazurka; Op. 24 no. 1||Frederic Chopin,0.2863413,-0.74019384,0.17136502,0.7599569,0.29909772,-0.2124826,-0.6859934,0.14273782,0.34495777,-0.5878362,0.8341639,0.63948053,0.4454985,-0.18946585,-0.3134946,0.8195724,-0.50524914,-0.6853713,0.74446476,0.9273502,-0.23592101,-0.27764168,-0.38839334,0.27459624,-0.5397876,0.8996175,0.425946,-0.15789974,-0.60951525,0.28648517,0.5232174,0.6982737,4,5
Mazurka; Op. 33 no. 1||Frederic Chopin,0.0959723,-0.7491489,0.17136502,0.83624357,0.32140645,0.0062017837,-0.68798995,0.35495886,0.7031619,-0.5404698,0.9882703,0.35638067,0.4165386,-0.27258995,-0.30877805,0.7503291,-0.50267464,-0.65535,0.8209294,0.5749717,-0.31495234,-0.3112386,-0.57750183,0.3174835,-0.3630782,0.8015652,0.40811628,-0.7562028,-0.645773,-0.55975705,0.43720087,0.091815375,4,3
Minueto en Si Mayor||Agustin Barrios Mangore,0.5020226,-0.76115936,0.25926822,0.7777857,0.34579587,0.009137674,-0.68798995,0.17790808,0.9528275,-0.4894104,0.88005364,0.41101116,0.52879196,-0.15615205,-0.3039899,0.73197806,-0.6008553,-0.78466386,0.7493631,0.61469394,-0.4285778,-0.40301287,-0.57750183,0.5033233,0.509041,0.7546821,0.20583165,-0.6140945,-0.8779275,-0.23219861,0.49176905,0.33083412,3,5
Moderato||Dionisio Aguado,0.26261297,-0.7182521,0.08064605,0.6261899,0.31451973,-0.7119005,-0.6997529,-0.16729365,-0.26602763,-0.43475938,-0.39259085,-0.26194957,0.6781202,-0.8284224,-0.291469,0.7428545,-0.5225936,-0.6853713,0.8491287,0.48682642,-0.18522055,-0.17758885,-0.65448606,-0.7636848,-0.55237687,0.72816193,0.4098021,-0.90585417,-0.9882116,-0.98678136,0.43450624,0.26979923,0,0
"Moderato, Op. 39 no. 15||Anton Diabelli",0.67042196,-0.68464845,-0.10331066,0.7092078,0.4187738,-0.62495106,-0.6995599,-0.16729365,0.4794925,-0.2516256,0.3883448,-0.13910583,0.621707,-0.7427732,-0.4341821,0.70508456,-0.43176666,-0.5517928,0.8801198,0.413332,-0.4010306,-0.6033456,-0.27799392,-0.2972057,0.8118512,0.5343976,0.080492,-0.8970912,-0.8779275,-0.97231746,0.44510916,-0.28567433,0,1
Moonlight Sonata||Ludwig van Beethoven,0.67042196,-0.7692719,0.9501763,0.83135617,0.31338638,-0.0796691,-0.68798995,0.032189555,0.7768182,-0.5878362,0.6198657,0.9741275,-0.7114356,-0.07202577,0.8527302,0.9205535,-0.5774644,-0.83342105,-0.84258616,0.9998471,-0.40007144,-0.4954306,-0.38839334,0.22760281,0.8085806,0.7927336,0.08632807,0.86419046,-0.16777197,0.7880842,0.6272921,0.81747967,5,7
Oracion por Todos||Agustin Barrios Mandore,-0.014857629,-0.7290501,0.17136502,0.75769866,0.32327458,-0.0167342,-0.68798995,0.22694544,0.8890075,-0.4894104,0.782561,0.63948053,0.462838,-0.062758975,-0.21436,0.7388206,-0.5585464,-0.78466386,0.75688255,0.71676993,-0.18522055,-0.64080966,-0.4886661,0.075439155,-0.8372207,0.9368602,0.31453118,-0.64766854,-0.4371431,-0.29777348,0.4953125,0.7231715,2,4
Oriental||Isaac Albeniz,0.4398928,-0.76492214,0.34307608,0.72657627,0.3008977,0.60443187,-0.6819689,0.49356595,0.95444983,-0.5878362,0.68291014,0.70915467,0.4933477,0.2099215,-0.10740899,0.8176059,-0.8100828,-0.9825605,0.55041635,0.9273502,-0.25167978,-0.28071377,-0.38839334,0.7094165,-0.039922256,0.9295914,0.28884724,0.96533954,-0.4842777,0.8634571,0.5867498,0.91681165,6,7
"Partita for Lute, BWV 997: Sarabande||J.S. Bach",0.50124216,-0.73508316,0.25926822,0.7289512,0.34311193,-0.58299905,-0.6958731,-0.13982922,0.521062,-0.4894104,0.7018937,0.1158378,0.558243,-0.5681462,-0.21436,0.72608244,-0.5579284,-0.78466386,0.80428404,0.61469394,-0.377027,-0.4049636,-0.38839334,0.69709724,0.05405696,0.8674478,0.24232672,-0.5993082,-0.16777197,-0.20524976,0.4755036,0.6124982,3,4
"Partita II, BWV 1004: v. Ciaccona||J.S. Bach",0.6124386,-0.74606955,0.25926822,0.746044,0.36315492,-0.3206129,-0.6919521,0.017438618,0.7821217,-0.5878362,0.68212056,0.5574374,0.5424272,-0.27035347,-0.291469,0.7428545,-0.5225936,-0.6853713,0.8491287,0.48682642,-0.4820563,-0.58853954,-0.27799392,0.61779827,0.59390587,0.72816193,0.17258303,0.9999778,-0.4371431,0.96943223,0.45429292,0.26979923,7,6
Partita III: BWV 1006: i. Preludio||J.S. Bach,0.66764325,-0.74227375,0.08064605,0.82719105,0.41666844,0.41306752,-0.6839863,0.33691877,0.942979,-0.4894104,0.9719631,0.63948053,0.45588833,-0.042579252,-0.291469,0.76014465,-0.5075063,-0.6676223,0.59801894,0.7952331,-0.47622523,-0.64822197,-0.38839334,-0.029837184,0.87477934,0.67713374,0.060449526,-0.14558925,-0.645773,0.29520142,0.45133018,0.30062443,7,6
Partita III: BWV 1006: ii. Loure||J.S. Bach,0.56751734,-0.7649828,0.34307608,0.7923874,0.33145222,-0.08844099,-0.6919521,0.02291821,0.96415,-0.4894104,0.83446664,0.97064096,0.10296094,-0.353304,-0.24779835,0.9031998,-0.6716436,-0.975363,0.6762936,0.71676993,-0.35017926,-0.33680254,-0.4886661,-0.0928243,0.19840533,0.7148949,0.252635,-0.6903778,-0.7884547,-0.39104688,0.5138794,0.23841098,5,4
"Partita in A Minor, BWV 1013: i. Allemande||J.S. Bach",0.6414809,-0.7248019,0.17136502,0.708403,0.34509736,0.021516936,-0.6859934,0.23219717,0.8985114,-0.4894104,0.606082,0.8150378,0.48816308,-0.027029129,-0.21436,0.7779949,-0.5924128,-0.78466386,0.78139055,0.71676993,-0.38933882,-0.48846987,-0.38839334,-0.7626736,0.80264455,0.5489953,0.08461405,0.51390046,-0.51789254,0.630764,0.5766026,0.5456976,5,6
Petite Piece||Wolfgang Amadeus Mozart,0.60595566,-0.72589195,0.08064605,0.6372611,0.33063725,-0.682836,-0.6997529,-0.16729365,0.20502272,-0.4894104,-0.23423602,-0.13910583,0.6632115,-0.7797512,-0.291469,0.69700146,-0.49159318,-0.6231049,0.8968233,0.33402658,-0.26666304,-0.3804411,-0.57750183,-0.015954869,-0.46002245,0.7394795,0.2622823,-0.85904956,-0.8779275,-0.8745395,0.5071031,0.10842611,1,0
Pictures at an Exhibition: Promenade (Pg. 11)||Modest Mussorgsky,0.24438034,-0.7810323,0.25926822,0.73044044,0.309424,-0.49686387,-0.6958731,-0.1561236,0.9230072,-0.5878362,0.46891886,-0.054501593,0.63271886,-0.6180236,-0.22308108,0.71799886,-0.558418,-0.6853713,0.8901432,0.33402658,-0.5740979,-0.32801503,-0.57750183,0.7018105,-0.83290446,0.83925915,0.4618958,-0.69691557,-0.7884547,-0.40639442,0.43450624,0.19039851,7,1
Preludio No. 1||Francisco Tarrega,0.6013368,-0.76442933,0.25926822,0.77201945,0.33696255,-0.41379136,-0.6899762,0.011509482,0.65197146,-0.5878362,0.8346272,0.5272861,0.47406378,-0.39599794,-0.29648963,0.74047047,-0.5612757,-0.73900485,0.8551124,0.46542296,-0.2930469,-0.47041968,-0.4886661,0.733404,-0.1697262,0.8116778,0.332382,-0.81752104,-0.88461155,-0.7442923,0.43450624,0.20651656,2,3
Romance||Anonymous,0.6199505,-0.68464845,-0.10331066,0.671147,0.37615055,-0.29899573,-0.6899762,0.21704108,-0.5123065,-0.2516256,0.07393997,0.5574374,0.48786288,-0.56778675,-0.4341821,0.80609417,-0.43176666,-0.5517928,0.8933025,0.33402658,-0.56058764,-0.7312941,-0.4886661,-0.23695168,0.79579586,0.54788905,0.08973128,-0.87169856,-0.9403199,-0.9113074,0.43766204,-0.2545678,2,1
Rondo||Napoleon Coste,0.64692014,-0.73755395,0.08064605,0.7147365,0.34181628,-0.6522293,-0.69781816,-0.12115383,0.10939218,-0.4894104,0.5285156,0.1158378,0.5865801,-0.63938457,-0.34243134,0.72023755,-0.5534907,-0.78466386,0.82875395,0.55401915,-0.41424382,-0.42107877,-0.27799392,-0.073251,0.014874255,0.88431484,0.28239867,-0.76973957,-0.72479516,-0.59843504,0.45025697,0.56883067,2,1
"Rondo, Op. 241 no. 34||Ferdinando Carulli",0.67042196,-0.7049381,-0.011429021,0.61541355,0.381325,-0.7256317,-0.6997529,-0.16729365,-0.73295283,-0.37670672,-0.35288334,-0.13910583,0.67810506,-0.82818747,-0.40014526,0.68453664,-0.4994359,-0.6853713,0.8799857,0.48682642,-0.48964503,-0.7022383,-0.38839334,-0.23526621,0.56711453,0.78383076,0.132265,-0.5911722,-0.4727388,-0.19088925,0.43763232,0.5800724,1,1
Sarabande||George Frideric Handel,0.569705,-0.70672804,0.17136502,0.65148616,0.3632243,-0.68461347,-0.6997529,-0.16729365,-0.113115974,-0.37670672,-0.30504856,-0.20131914,0.67351234,-0.78826284,-0.3791715,0.6866427,-0.44838932,-0.58859265,0.9010715,0.33402658,-0.5122486,-0.5189998,-0.27799392,0.7531689,-0.13816912,0.5832247,0.20566307,-0.87637234,-0.8779275,-0.924085,0.44795516,-0.2545678,2,0
"Sonata I, BWV 1001: i. Adagio||J.S. Bach",0.58598363,-0.750505,0.17136502,0.7637848,0.38572976,-0.47561032,-0.6958731,-0.13279298,0.8779597,-0.5878362,0.6715155,0.1158378,0.57558626,-0.51572984,-0.291469,0.7428545,-0.5225936,-0.6853713,0.8491287,0.48682642,-0.39523068,-0.45918384,-0.38839334,0.21171612,0.7185771,0.72816193,0.14281945,-0.60161036,-0.3874783,-0.20937249,0.4453428,0.26979923,6,4
Sonata II: BWV 1003: iv. Allegro||J.S. Bach,0.67042196,-0.68464845,-0.10331066,0.855354,0.4242828,0.9745413,-0.671725,0.74892426,0.9817782,-0.2516256,0.98754865,0.35638067,0.5078517,0.23813163,-0.4341821,0.76014465,-0.43176666,-0.5517928,0.52688444,0.71676993,-0.4236322,-0.49489924,-0.38839334,-0.9476819,0.87777066,0.63244265,0.05709972,0.07822343,-0.72479516,0.43156564,0.44013286,0.22252332,6,6
"Sonata in A Major, L 238/ K 208||Domenico Scarlatti",0.64454657,-0.74123555,0.42175588,0.7299502,0.38273793,-0.50151706,-0.69391775,-0.059571333,0.46325004,-0.5878362,0.75566024,0.46284094,0.526521,-0.44689518,0.029556455,0.7428545,-0.5803723,-0.78466386,0.79031235,0.61469394,-0.502181,-0.7235178,-0.27799392,0.58620316,0.67561716,0.6933867,0.12538248,-0.6875408,-0.4371431,-0.38447905,0.46506128,0.5573723,2,4
"Studio in Si Minore, Op. 35 no. 22||Fernando Sor",0.61819,-0.69632816,0.08064605,0.6854583,0.34004197,-0.4903177,-0.69781816,-0.15113896,0.8703586,-0.37670672,-0.297711,0.030892374,0.6705111,-0.6816488,-0.291469,0.6894329,-0.44994256,-0.6231049,0.887765,0.33402658,-0.6012207,-0.7238411,-0.38839334,-0.6288078,-0.25384817,0.74861693,0.25192702,-0.68180335,-0.7884547,-0.37136406,0.43450624,0.14145766,1,1
"Study in E Minor, Op. 35 no. 18||Fernando Sor",0.59681916,-0.84161425,0.9501763,0.98508555,0.33811685,-0.24767315,-0.66121745,-0.028497487,-0.18663396,-0.9954206,0.9927039,0.9741275,-0.96360093,-0.7376339,0.103773244,0.9187144,-0.6412739,-0.94263107,0.44083613,0.9646026,-0.5528885,-0.70621616,-0.4886661,0.8160934,-0.84696907,0.79082394,0.32043165,-0.7921928,-0.8779275,-0.66539055,0.45055613,0.07515339,1,1
Study No. 6||Fernando Sor,0.67042196,-0.70672804,0.08064605,0.67271656,0.39115545,-0.62718654,-0.69781816,-0.16729365,0.36190814,-0.37670672,0.1277002,-0.011826143,0.6186954,-0.7137739,-0.3649675,0.71493673,-0.46935397,-0.6231049,0.8913186,0.3703899,-0.5784042,-0.85984135,-0.27799392,0.6064777,0.83730227,0.5410574,0.072523035,-0.81511885,-0.8779275,-0.7367014,0.44150448,-0.1745875,0,1
"Study, Op. 139 no. 5||Mauro Giuliani",0.41328642,-0.7392897,0.17136502,0.72397894,0.32183787,-0.5513806,-0.69391775,-0.05243312,-0.12069227,-0.4894104,0.6339613,0.41101116,0.52808005,-0.5436472,-0.31393176,0.75206053,-0.50522256,-0.66458744,0.8587651,0.5749717,-0.34057978,-0.33669955,-0.27799392,0.6991734,-0.29839513,0.80836517,0.35807282,-0.7468019,-0.8779275,-0.5336919,0.48336557,0.38922125,1,2
"Study, Op. 48 no. 23||Mauro Giuliani",0.6167871,-0.76756763,0.17136502,0.9294876,0.38771304,0.021936413,-0.68798995,0.08912997,0.83058614,-0.5786605,0.8297392,0.9666925,-0.89164466,-0.36130977,-0.21436,0.9142633,-0.5815541,-0.78466386,0.35800642,0.99870026,-0.5271306,-0.6977517,-0.27799392,-0.1788276,0.8503204,0.6620491,0.08763252,-0.7262199,-0.7884547,-0.4789408,0.45551515,0.43107793,4,3
"Study, Op. 60 no. 13||Matteo Carcassi",0.67042196,-0.7049381,-0.011429021,0.87549716,0.34165713,-0.4826941,-0.6919521,-0.025157614,-0.8806078,-0.35259354,0.7928677,0.9741275,-0.82546264,-0.6848787,-0.291469,0.7428545,-0.5225936,-0.6853713,0.8491287,0.48682642,-0.48205772,-0.7255043,-0.27799392,-0.9902045,0.87047637,0.72816193,0.06250476,-0.7968391,-0.5499807,-0.67963743,0.5812444,0.26979923,2,1
"Study, Op. 60 no. 17||Matteo Carcassi",0.63834673,-0.7355943,0.08064605,0.973254,0.38059023,0.090436615,-0.66121745,0.12681885,0.13714555,-0.4894104,0.9834648,0.9741275,-0.9671303,-0.2555895,-0.3529993,0.9205535,-0.56982493,-0.7673081,-0.36780205,0.9993785,-0.54411274,-0.859067,-0.27799392,0.3723077,0.7986354,0.6708677,0.107075505,-0.76900506,-0.7884547,-0.5963022,0.4749226,0.5217018,2,2
"Study, Op. 60 no. 20||Matteo Carcassi",0.67042196,-0.68464845,-0.10331066,0.7723113,0.38707927,-0.43892366,-0.6899762,0.06540832,0.08085005,-0.2516256,0.91226786,0.70915467,0.24046843,-0.44900167,-0.4341821,0.79902333,-0.43176666,-0.5517928,0.8531158,0.6316232,-0.55690396,-0.8092437,-0.27799392,0.19327216,0.8785768,0.524623,0.05674628,-0.7362696,-0.9912476,-0.50527704,0.43686357,-0.28567433,5,2
"Study, Op. 60 no. 24||Matteo Carcassi",0.5495419,-0.77523506,0.4945585,0.7913608,0.32660332,-0.4223252,-0.69391775,-0.04829245,0.64736557,-0.5878362,0.8914318,0.9514515,0.16670093,-0.39317924,-0.17470907,0.88403636,-0.690501,-0.85531116,0.67354584,0.8421514,-0.4000289,-0.40275955,-0.27799392,0.24938233,0.4177529,0.88878554,0.2731721,-0.34278506,-0.7884547,0.13247535,0.5083394,0.7387947,5,5
"Study, Op. 60 no. 4||Matteo Carcassi",0.67042196,-0.7049381,-0.011429021,0.7205345,0.4074716,-0.2444947,-0.6899762,0.12981397,0.53219146,-0.35259354,0.3544968,0.5574374,0.43761417,-0.30541912,-0.3649675,0.76014465,-0.4994359,-0.6615305,0.79486656,0.71676993,-0.5022014,-0.72694516,-0.38839334,-0.9638796,0.8691682,0.6834274,0.06207187,-0.82165736,-0.8779275,-0.7573943,0.45036447,0.25417203,2,2
"Suite 2 for Cello, BWV 1008: i. Prelude||J.S. Bach",0.6242603,-0.76171505,0.91490686,0.8226839,0.3876791,-0.19475804,-0.68798995,0.104275994,0.78615487,-0.5878362,0.67626756,0.9741275,-0.2807301,-0.152606,0.76936626,0.9205535,-0.62862355,-0.85531116,0.666222,0.6338364,-0.45369256,-0.5258021,-0.4886661,0.2063467,0.76167065,0.7407967,0.119027756,-0.19452366,-0.4371431,0.25958857,0.44970924,0.48410898,3,6
"Suite 2 for Cello, BWV 1008: iv. Sarabande||J.S. Bach",0.5794147,-0.7235785,0.17136502,0.7040584,0.35657555,-0.61380947,-0.6958731,-0.15504515,0.37997577,-0.4894104,0.25218883,0.17852002,0.5955908,-0.5869976,-0.3469713,0.71687394,-0.50384885,-0.6853713,0.8547621,0.48682642,-0.47419745,-0.5523014,-0.27799392,0.7016014,0.16277884,0.7637922,0.22517025,-0.80074805,-0.30863258,-0.69171363,0.45534065,0.26979923,2,2
"Suite 3 for Cello, BWV 1009: ii. Allemande||J.S. Bach",0.62887555,-0.7341978,0.17136502,0.7397758,0.37086034,-0.28921235,-0.68798995,0.028926902,0.84807885,-0.4894104,0.60538566,0.70915467,0.52760434,-0.31359586,-0.21436,0.7643073,-0.61194,-0.78466386,0.79432523,0.61469394,-0.3700983,-0.5073917,-0.38839334,0.30268374,0.47409466,0.69731206,0.15016246,-0.41666588,-0.30863258,0.054638248,0.4828182,0.33083412,4,5
"Suite 6 for Cello, BWV 1012: i . Prelude||J.S. Bach",0.6641921,-0.7213801,0.34307608,0.7482294,0.39871615,-0.33821273,-0.6919521,0.023408074,0.65670395,-0.4894104,0.72484535,0.63948053,0.51371706,-0.3247918,-0.05281973,0.7428545,-0.4852236,-0.6853713,0.85508215,0.48682642,-0.4864327,-0.6001701,-0.38839334,0.6941739,0.81147915,0.5624975,0.08334809,0.45755208,-0.9080532,0.6073029,0.4474551,0.20651656,4,6
"Suite 6 for Cello, BWV 1012: iii.  Courante||J.S. Bach",0.67042196,-0.68464845,-0.10331066,0.7633171,0.42390934,-0.40535575,-0.6958731,-0.098039545,0.86300594,-0.2516256,0.7880443,0.1158378,0.56737673,-0.5208656,-0.4341821,0.72451293,-0.43176666,-0.5517928,0.7887394,0.61469394,-0.40363878,-0.53530097,-0.27799392,0.64880615,0.8785768,0.58984214,0.05674628,-0.51643,-0.01971049,-0.07265756,0.44435588,0.19039851,2,5
"Suite 6 for Cello, BWV 1012: iv.  Sarabande||J.S. Bach",0.11780777,-0.74464,0.17136502,0.73787165,0.31795606,-0.3906021,-0.6919521,0.008652903,0.72833633,-0.5878362,0.7794,0.46284094,0.4984298,-0.40710574,-0.27631137,0.7546384,-0.4852899,-0.65535,0.9019246,0.33402658,-0.43447107,-0.4022148,-0.27799392,0.6057452,-0.34772614,0.63738817,0.3335243,-0.76455474,-0.72479516,-0.5834632,0.5093789,-0.14187233,2,2
Suite en La Mayor: Granduque II||Gaspar Sanz,0.64467037,-0.71907306,0.17136502,0.71577543,0.396336,-0.6126292,-0.69781816,-0.16384031,0.27560282,-0.4894104,0.23730686,-0.011826143,0.61329466,-0.75942415,-0.32871586,0.71975905,-0.48303258,-0.6853713,0.8799685,0.413332,-0.35091263,-0.36111304,-0.57750183,-0.36248657,0.606435,0.58874905,0.14396393,-0.76455474,-0.645773,-0.5834632,0.43944713,-0.15827332,2,1
"Suite for Solo Violoncello, BWV 1009: Gigue||J.S. Bach",0.5980028,-0.7345159,0.17136502,0.71855384,0.34640518,-0.35809454,-0.6919521,-0.023868877,0.75327915,-0.4894104,0.5034156,0.23978597,0.55515206,-0.4098893,-0.21436,0.7428545,-0.53996676,-0.6853713,0.823546,0.61469394,-0.38572738,-0.512126,-0.27799392,0.030052789,0.4690338,0.65985286,0.15220943,-0.35857195,-0.8387653,0.11680761,0.53635454,0.4446398,3,4
Suite in D Minor: v. Gavotte||Robert de Visee,0.61757565,-0.7284979,0.17136502,0.70506763,0.32932216,-0.6264754,-0.6997529,-0.16729365,0.40382037,-0.4894104,0.51828855,-0.011826143,0.6136125,-0.73734874,-0.3495583,0.70608234,-0.47804388,-0.6231049,0.89584786,0.33402658,-0.54747015,-0.41639337,-0.38839334,0.02887367,-0.49905276,0.6925718,0.2996952,-0.87039554,-0.9131641,-0.9076557,0.47816855,-0.092234984,1,1
"Suite IV, BWV 1006a: i. Prelude||J.S. Bach",0.6570309,-0.74227375,0.34307608,0.76289403,0.40358406,-0.096459605,-0.68798995,0.11942504,0.8519801,-0.4894104,0.8307048,0.35638067,0.5409197,-0.1983783,-0.26612878,0.7618173,-0.6247825,-0.78466386,0.7400711,0.61469394,-0.5376809,-0.75639623,-0.27799392,0.7152567,0.8242501,0.7082916,0.07934539,0.8673461,-0.7884547,0.7898809,0.4379731,0.48410898,7,6
Suite Populaire Bresilienne: 4.  Gavotta - Choro||Heitor Villa-Lobos,0.3025961,-0.7369646,0.25926822,0.75931966,0.31708023,-0.37035316,-0.6919521,0.011995323,0.45704517,-0.4894104,0.8619033,0.51168823,0.55686814,-0.35964465,-0.30220747,0.7764214,-0.50699496,-0.6853713,0.86187303,0.43850598,-0.37153855,-0.2626946,-0.57750183,0.5880137,-0.57670885,0.85689795,0.42275074,0.90811694,-0.5499807,0.8151099,0.46074286,0.3748916,4,5
"Suite, BWV 995: i. Prelude||J.S. Bach",0.6211718,-0.73310274,0.25926822,0.7628394,0.3873697,-0.35783166,-0.6919521,0.027427057,0.73809266,-0.4894104,0.67493534,0.5574374,0.53729093,-0.24235368,-0.21436,0.7550658,-0.5455534,-0.78466386,0.7547121,0.61469394,-0.4288495,-0.5232213,-0.27799392,0.2931964,0.66053194,0.74808973,0.13570094,0.903596,-0.4371431,0.81208575,0.45055613,0.56883067,6,6
"Suite, BWV 996: i. Praeludio||J.S. Bach",0.47285637,-0.74363095,0.25926822,0.72328496,0.31051224,-0.48518735,-0.6958731,-0.09358718,0.7011289,-0.4894104,0.7828915,0.23978597,0.5444527,-0.48682612,-0.2339323,0.73397017,-0.6166218,-0.78466386,0.78965414,0.61469394,-0.37377667,-0.34491497,-0.4886661,0.80560124,-0.22252667,0.93167627,0.31984922,0.25784236,-0.72479516,0.5202583,0.53001404,0.929207,6,5
Tarantella||Agustin Barrios Mandore,0.494442,-0.7382253,0.17136502,0.73749477,0.3443481,-0.26299065,-0.6899762,0.052269597,0.7796146,-0.4894104,0.7125757,0.88496816,0.45323473,-0.14904922,-0.21436,0.8640655,-0.51062274,-0.6853713,0.87161744,0.43227446,-0.47197756,-0.5861294,-0.27799392,0.8448032,0.34296343,0.6902398,0.21764956,0.7330275,-0.7884547,0.72339106,0.47325116,0.3603806,3,6
The Round Battle Galliard||John Dowland,0.51391584,-0.73840517,0.17136502,0.7103753,0.3106541,-0.66617477,-0.69781816,-0.15265074,-0.15040906,-0.5878362,0.6908742,0.1158378,0.56904584,-0.763725,-0.3213434,0.72451293,-0.52946097,-0.73900485,0.87307835,0.413332,-0.3578006,-0.43738928,-0.38839334,0.6753443,-0.18835688,0.8305094,0.38916942,-0.8291153,-0.8100581,-0.781074,0.4935085,0.5093827,1,1
The Squirrel's Toy||Francis Cutting,0.5584953,-0.7111988,0.17136502,0.72623694,0.33999044,-0.6228851,-0.69781816,-0.123534545,-0.12918214,-0.4459691,-0.39259085,-0.26194957,0.65532595,-0.71629083,-0.291469,0.7428545,-0.5225936,-0.6853713,0.8491287,0.48682642,-0.3299691,-0.25441527,-0.65448606,-0.090060435,-0.49905276,0.72816193,0.3131467,-0.90020853,-0.9484014,-0.97796524,0.43450624,0.26979923,0,0
Tombeau de M. Mouton (Allemande)||Robert de Visee,0.5606653,-0.7398978,0.17136502,0.7471539,0.33881915,-0.42861065,-0.6919521,-0.010034358,0.62704533,-0.4894104,0.6310406,0.9666925,0.23490147,-0.43860057,-0.3164066,0.902342,-0.51259625,-0.6853713,0.85980606,0.48682642,-0.46243408,-0.5122859,-0.27799392,0.80200887,0.31494325,0.7216548,0.2701839,-0.7329549,-0.5068559,-0.49650705,0.4706474,0.3158093,4,4
"Traumerei from Kinderscenen, Op. 15||Robert Schumann",0.45729986,-0.7731797,0.25926822,0.8201162,0.32318422,0.54607296,-0.6799411,0.5055567,0.88774145,-0.5878362,0.9767546,0.63948053,0.26093078,0.06782379,-0.27461848,0.80748147,-0.5605886,-0.73900485,0.5899735,0.8965961,-0.31837946,-0.34025344,-0.4886661,0.664257,0.02577266,0.8034402,0.32339704,-0.7362696,-0.4371431,-0.50527704,0.49322936,0.26979923,4,5
Tres pequenas Piezas para Guitarra: III. Pequena sevillana||Joaquin Rodrigo,-0.25128484,-0.7262684,0.25926822,0.69835657,0.28519782,-0.59772116,-0.69781816,-0.12029097,0.54041576,-0.4894104,0.36276615,0.63948053,0.5653146,-0.6765198,-0.13448326,0.72451293,-0.57096004,-0.78466386,0.83341026,0.61469394,-0.3041201,-0.24600734,-0.27799392,0.7044138,-0.15393429,0.9721767,0.44595373,0.96724796,-0.7647136,0.86566496,0.56393427,0.9922824,4,5
Vals Tropical||Agustin Barrios Mandore,0.6336693,-0.74263185,0.25926822,0.67479706,0.29551733,-0.05308925,-0.6899762,0.20271415,0.883227,-0.5878362,0.49292007,0.5574374,0.54465294,-0.15598954,-0.13448326,0.7379169,-0.514006,-0.6853713,0.89005786,0.4618011,-0.39803666,-0.4782181,-0.27799392,-0.03005517,-0.24809895,0.5728964,0.22514926,0.115666024,-0.9614918,0.4512154,0.6130117,-0.10884428,3,4
Villano||Gaspar Sanz,0.67042196,-0.68464845,-0.10331066,0.80166954,0.3895242,-0.55523545,-0.6958731,-0.16729365,0.46734768,-0.2516256,0.9422997,-0.13910583,0.5930827,-0.76449287,-0.4341821,0.70508456,-0.43176666,-0.5517928,0.87275505,0.33402658,-0.18522055,-0.28121203,-0.65448606,-0.9814142,0.31081465,0.55465806,0.16088018,-0.91767937,-0.8779275,-0.9982588,0.43450624,-0.40371916,0,1
"Waltz, Op. 241 no. 4||Ferdinando Carulli",0.67042196,-0.6993683,0.08064605,0.906306,0.36883345,-0.40720004,-0.6839863,-0.04122079,-0.8077819,-0.37670672,0.76034695,0.9666925,-0.8796316,-0.7749144,-0.40398458,0.9142633,-0.456754,-0.6231049,0.3498221,0.9989961,-0.5546563,-0.66126984,-0.38839334,-0.8816704,0.66659456,0.62509674,0.12543638,-0.8368297,-0.8779275,-0.80555016,0.45786974,-0.075574204,0,0
"Waltz, Op. 51 no. 8||Napoleon Coste",0.6045166,-0.7332076,0.25926822,0.8579859,0.34994552,-0.4275736,-0.6958731,-0.08665016,0.23498033,-0.4894104,0.79346037,0.9666925,-0.7163673,-0.5578358,-0.291469,0.9142633,-0.5445777,-0.73900485,0.6094765,0.90692985,-0.46255633,-0.5154605,-0.27799392,-0.3260555,0.34370896,0.8272666,0.2002039,-0.7427942,-0.9385623,-0.52278143,0.47521493,0.5800724,3,2
Wilson's Wilde||Anonymous,0.5934659,-0.6966595,0.17136502,0.65062934,0.32492727,-0.6738491,-0.69781816,-0.16034201,-0.26542225,-0.37670672,-0.20390354,-0.13910583,0.65458435,-0.8114068,-0.3768163,0.6980217,-0.44226202,-0.58859265,0.9070349,0.33402658,-0.4123428,-0.54349214,-0.27799392,0.6839479,-0.1660887,0.64307946,0.3067902,-0.86551195,-0.8779275,-0.8936673,0.48037875,-0.10884428,0,0
Zambra Granadina||Isaac Albeniz,0.44841725,-0.7651925,0.25926822,0.7262078,0.3005219,-0.21069878,-0.6899762,0.067939766,0.6897331,-0.4894104,0.6591253,0.68726414,0.49680507,-0.1309425,-0.23782468,0.7704339,-0.6824459,-0.85531116,0.75158685,0.7839437,-0.2903605,-0.2946343,-0.27799392,0.7963455,-0.032748874,0.9070386,0.3458758,0.7516088,-0.5705148,0.7317784,0.55883116,0.929207,7,6
Adelita (Mazurka)||Francisco Tarrega,0.49083725,-0.7263243,0.08064605,0.8207246,0.3437295,0.2920576,-0.6859934,0.45989513,0.80714446,-0.4894104,0.972743,0.5574374,0.4016025,-0.12533587,-0.32871586,0.7779949,-0.4898291,-0.6676223,0.81242234,0.6011218,-0.3578006,-0.43262222,-0.57750183,0.6108824,0.064253114,0.72138804,0.26081508,-0.87595415,-0.645773,-0.92296356,0.47865197,0.19039851,2,4
"Allegretto moderato, Op. 6 no. 11||Fernando Sor",0.6524543,-0.7146717,0.17136502,0.59668416,0.3078789,-0.65931135,-0.69781816,-0.16181538,0.38775724,-0.4894104,-0.22825648,-0.011826143,0.66151255,-0.7415875,-0.21436,0.6855911,-0.6563629,-0.90402704,0.6486434,0.9273502,-0.42294016,-0.60446304,-0.38839334,0.1919793,0.83269936,0.8227186,0.07404499,0.30098173,-0.72479516,0.5398217,0.62806714,0.7939599,2,4
Allegro||W. A. Mozart,0.3167293,-0.72373873,0.08064605,0.69048494,0.33575374,-0.60816526,-0.69781816,-0.16729365,0.38394877,-0.4894104,0.26329815,-0.13910583,0.61809343,-0.7597501,-0.37445623,0.70508456,-0.48303258,-0.6853713,0.8911849,0.33402658,-0.50052565,-0.45787734,-0.57750183,-0.5046266,-0.49022806,0.71317106,0.25602952,-0.86819655,-0.8779275,-0.9014132,0.4860729,-0.008601066,1,0
"Cadenzas, Caprices, Rondos & Preludes, Op. 100: 1. Cadenze||Mauro Giuliani",0.67042196,-0.74227375,-0.011429021,0.6616027,0.4193988,-0.7101281,-0.6997529,-0.16729365,0.1302412,-0.37670672,-0.39259085,-0.26194957,0.65318495,-0.80988884,-0.3649675,0.68453664,-0.43176666,-0.5517928,0.85351676,0.48682642,-0.5909349,-0.74345344,-0.4886661,0.300473,0.8724773,0.6563831,0.061988033,-0.88248974,-0.7884547,-0.9399277,0.43801203,0.124976516,0,1
"Cadenzas, Caprices, Rondos & Preludes, Op. 100: 13. Capricie||Mauro Giuliani",0.67042196,-0.7311389,0.08064605,0.92710954,0.38199443,-0.25409573,-0.6839863,0.033981014,-0.40467894,-0.4894104,0.8011242,0.9741275,-0.9178079,-0.51699364,-0.291469,0.9205535,-0.5116462,-0.6853713,0.7197553,0.9646026,-0.5046952,-0.7301709,-0.27799392,0.050798345,0.81166446,0.5497296,0.09432609,-0.6360256,-0.9614918,-0.2743108,0.4647276,-0.075574204,3,2
"Cadenzas, Caprices, Rondos & Preludes, Op. 100: 15. Rondo||Mauro Giuliani",0.6615419,-0.70983875,0.08064605,0.77880657,0.3508191,-0.6110992,-0.6997529,-0.11631633,-0.2821739,-0.37670672,0.37310606,0.9741275,-0.5642497,-0.7342141,-0.291469,0.9142633,-0.48611724,-0.6853713,0.8128323,0.805187,-0.56830907,-0.7800431,-0.27799392,0.34236193,0.74695456,0.65527517,0.10229534,-0.51906514,-0.8779275,-0.07644833,0.4949609,0.22252332,1,2
"Cadenzas, Caprices, Rondos & Preludes, Op. 100: 22. Preludi||Mauro Giuliani",0.6618804,-0.8426331,0.62096804,0.84314746,0.3891474,-0.49396336,-0.6997529,-0.06782356,0.9531776,-0.9067196,0.77379596,0.9666925,-0.20527983,-0.7558065,-0.13448326,0.8195724,-0.8595362,-0.9886934,0.6749254,0.9273502,-0.58893967,-0.7892283,-0.4886661,-0.84306127,0.8394204,0.67103857,0.08433718,-0.801393,-0.7884547,-0.6937136,0.47385862,0.23841098,1,1
"Cadenzas, Caprices, Rondos & Preludes, Op. 100: 7. Cadenze||Mauro Giuliani",0.66456145,-0.68464845,-0.10331066,0.6690778,0.3543216,-0.49368244,-0.69781816,-0.16729365,0.9576048,-0.2516256,-0.08361423,-0.011826143,0.6245839,-0.788917,-0.4341821,0.70508456,-0.43176666,-0.5517928,0.84369624,0.48682642,-0.62387174,-0.80369633,-0.4886661,-0.9550828,0.87659556,0.6861445,0.059340328,-0.7262199,-0.8387653,-0.4789408,0.43450624,0.26979923,1,1
"Cadenzas, Caprices, Rondos & Preludes, Op. 100: 9. Cadenze||Mauro Giuliani",0.6618804,-0.68464845,-0.10331066,0.699382,0.37142026,-0.36675093,-0.69391775,-0.16729365,0.9725486,-0.2516256,-0.19026908,-0.13910583,0.6334007,-0.59610486,-0.4341821,0.70508456,-0.43176666,-0.5517928,0.8172354,0.48682642,-0.62387174,-0.7471772,-0.4886661,-0.56094307,0.87568843,0.6883497,0.06051473,-0.8132986,-0.93101746,-0.7309603,0.43450624,0.26979923,1,1
Carora (Valse Venezolano)||Antonio Lauro,0.5155327,-0.72656125,0.25926822,0.76429135,0.36013615,-0.17007226,-0.6859934,0.13214965,0.674009,-0.4894104,0.7367311,0.70915467,0.37388763,-0.059960175,-0.29774225,0.7841921,-0.502956,-0.69677037,0.8584344,0.51505655,-0.53806216,-0.7100432,-0.27799392,0.7360771,0.43363303,0.65648407,0.18534698,-0.755431,-0.9614918,-0.5575924,0.43801203,0.008177903,6,4
Estudios Sencillos: V||Leo Brouwer,0.67042196,-0.829885,0.34307608,0.7145562,0.3476785,-0.5454053,-0.69391775,-0.060292587,0.21968377,-0.7409085,0.875612,0.052219175,0.485164,-0.6982674,-0.13448326,0.7338174,-0.7078289,-0.82314754,0.8572489,0.5212301,-0.5579038,-0.81953603,-0.38839334,0.14310077,0.41224718,0.6983518,0.14940093,-0.8613899,-0.7386973,-0.8815375,0.4963904,0.15786074,0,1
Estudios Sencillos: X||Leo Brouwer,0.67042196,-0.68464845,-0.10331066,0.76742834,0.3910336,-0.65584296,-0.69781816,-0.15635778,0.021770613,-0.2516256,0.5860719,0.9741275,-0.075393155,-0.719229,-0.4341821,0.907499,-0.43176666,-0.5517928,0.7397647,0.61469394,-0.39167607,-0.5417043,-0.27799392,0.5783973,0.82934725,0.6477373,0.083469234,-0.84318805,-0.72479516,-0.82561356,0.4652675,0.15786074,2,2
Estudios Sencillos: XII||Leo Brouwer,0.51482934,-0.7441556,0.17136502,0.6190201,0.354119,-0.69400096,-0.6997529,-0.16729365,-0.37765655,-0.4894104,-0.28860497,-0.20131914,0.6725723,-0.7345143,-0.21436,0.68453664,-0.50482595,-0.6676223,0.9074172,0.33402658,-0.62387174,-0.7686068,-0.38839334,-0.09647519,0.25730678,0.64108866,0.19733933,-0.8860228,-0.645773,-0.94853973,0.43450624,-0.058871094,1,0
Estudios Sencillos: XIX||Leo Brouwer,0.28003103,-0.73777395,0.17136502,0.6549839,0.29091707,-0.54481864,-0.6958731,-0.10683495,0.10987053,-0.4894104,0.57532406,0.07349839,0.6482879,-0.65902615,-0.3055477,0.6949525,-0.51379776,-0.6853713,0.8966099,0.37436366,-0.62387174,-0.34634075,-0.4886661,0.24204186,-0.76007575,0.96900415,0.57971144,-0.5346691,-0.7884547,-0.09941927,0.47117546,0.5800724,3,2
Folias||Gaspar Sanz,0.6620714,-0.72575486,0.08064605,0.6802178,0.3776716,-0.6896136,-0.6997529,-0.16729365,-0.050587825,-0.4894104,-0.2636154,-0.13910583,0.6338044,-0.79967,-0.291469,0.68978024,-0.46802315,-0.6231049,0.8974871,0.33402658,-0.40840372,-0.49329433,-0.38839334,-0.8435735,0.4811517,0.5658262,0.167382,-0.747597,-0.8779275,-0.5358708,0.4377787,-0.1745875,1,0
"Goldberg Variations, BWV 988: Variatio 18||J.S. Bach",0.6482014,-0.7246268,0.25926822,0.7515351,0.34556118,-0.47788656,-0.6958731,-0.05972265,0.3797236,-0.4894104,0.8333796,0.17852002,0.5441754,-0.49135303,-0.33518794,0.7428545,-0.4917857,-0.6853713,0.87264216,0.413332,-0.38014388,-0.41274637,-0.38839334,0.8281138,-0.52739024,0.6886959,0.25290656,-0.7704721,-0.72479516,-0.6005658,0.46823853,-0.008601066,5,2
Lesson 15: Waltz||Dionisio Aguado,0.6088952,-0.76756763,0.17136502,0.6596234,0.34604228,-0.58356184,-0.6958731,-0.16729365,0.4794925,-0.5878362,-0.033858463,-0.13910583,0.66084296,-0.62893933,-0.29726058,0.6980217,-0.63453645,-0.78466386,0.8634062,0.48682642,-0.38707697,-0.47766557,-0.4886661,0.5356013,0.176264,0.81853545,0.25650492,-0.88367873,-0.6873124,-0.9428735,0.4572107,0.26979923,0,1
Twenty-one Lessons: 18||Dionisio Aguado,0.6221215,-0.72324616,0.08064605,0.57680464,0.2788685,-0.7759552,-0.70167756,-0.16729365,-0.9518062,-0.4679724,-0.33449587,-0.22172678,0.7076995,-0.8778614,-0.35059157,0.68453664,-0.506869,-0.6853713,0.9036935,0.33402658,-0.62387174,-0.3794225,-0.4886661,-0.9151726,-0.8660775,0.9341021,0.41055813,-0.7833144,-0.7884547,-0.6385219,0.5553724,0.67156357,1,0
Twenty-one Lessons: 19||Dionisio Aguado,0.67042196,-0.68464845,-0.10331066,0.97084355,0.40411666,-0.04677245,-0.66121745,0.058644578,-0.33652663,-0.2516256,0.94329756,0.9741275,-0.97865987,-0.7912916,-0.4341821,0.9205535,-0.43176666,-0.5517928,0.026208358,0.9993785,-0.57795984,-0.7266095,-0.4886661,-0.9770637,0.8785768,0.6108685,0.05674628,-0.8852464,-0.8779275,-0.9466844,0.4773475,0.024952209,0,1
"Caprice, Op. 20 no. 2||Luigi Legnani",0.60931325,-0.72097784,0.17136502,0.74589205,0.32733208,-0.5378851,-0.6919521,-0.0032269806,-0.6739473,-0.4894104,0.4551314,0.9666925,0.19613872,-0.57268244,-0.291469,0.81361485,-0.5301963,-0.6853713,0.8026404,0.61469394,-0.5387454,-0.63718873,-0.38839334,0.3329497,0.027163766,0.89296687,0.28094956,-0.5793375,-0.8779275,-0.17056662,0.47997925,0.7067714,3,2
Estudio 10||Fernando Sor,0.6346842,-0.7595601,0.17136502,0.6401016,0.28748265,-0.14129482,-0.68798995,0.20139618,0.5251843,-0.5878362,0.52666456,0.46284094,0.5412435,-0.31666932,-0.291469,0.7428545,-0.5225936,-0.6853713,0.8491287,0.48682642,-0.25181544,-0.4587291,-0.27799392,-0.19067024,0.5118174,0.72816193,0.21040624,-0.5243059,-0.6000234,-0.08406238,0.6343622,0.26979923,2,4
Estudio 19||Fernando Sor,0.67042196,-0.68464845,-0.10331066,0.74622875,0.38816658,-0.3753017,-0.69391775,-0.07942112,0.9625025,-0.2516256,0.48292524,0.63948053,0.55392903,-0.47330388,-0.291469,0.7428545,-0.5225936,-0.6853713,0.8491287,0.48682642,-0.6184277,-0.9047624,-0.27799392,0.39024058,0.8785768,0.72816193,0.05674628,-0.38187075,-0.30863258,0.09276625,0.43581662,0.26979923,2,4
Fortune||John Dowland,0.639454,-0.7021071,0.08064605,0.6589199,0.34907392,-0.7336361,-0.6997529,-0.16729365,-0.54659665,-0.41193274,-0.14944279,-0.13910583,0.64056253,-0.822646,-0.35059157,0.70508456,-0.44857585,-0.6231049,0.899062,0.33402658,-0.45866054,-0.4897685,-0.4886661,0.78998744,0.12973419,0.6280147,0.26416984,-0.88485634,-0.8779275,-0.9457442,0.4404676,-0.1745875,3,0
Gavotte No. 1 (from Lute Suite No. 3); BWV 995||J.S. Bach,0.6424189,-0.7132044,0.08064605,0.70294595,0.39511243,-0.662954,-0.6997529,-0.14849018,0.13760833,-0.37670672,0.05918967,0.23978597,0.6105934,-0.68496186,-0.3649675,0.70508456,-0.47711036,-0.6231049,0.8823722,0.33402658,-0.44816315,-0.45964387,-0.4886661,0.024465475,0.46183643,0.60919946,0.14336078,-0.45600346,-0.9882116,0.007924451,0.43450624,-0.12539308,5,1
"Grand Ouverture, Op. 61||Mauro Giuliani",0.6270234,-0.74445003,0.17136502,0.73381364,0.36483407,-0.34153318,-0.68798995,0.023739066,0.6102769,-0.5878362,0.7184298,0.66404986,0.5330129,-0.22935532,-0.21436,0.766843,-0.5462163,-0.73900485,0.76889527,0.71676993,-0.5415042,-0.825587,-0.27799392,0.72502184,0.6934614,0.68148714,0.14053273,0.9999787,-0.5068559,0.96961194,0.48447326,0.64298594,6,6
"Los Panaderos, Bolero||Julian Arcas",0.6242329,-0.73743033,0.08064605,0.71623504,0.36424714,-0.41427603,-0.6899762,0.038245328,0.2511298,-0.4894104,0.4202258,0.46284094,0.5089161,-0.3566102,-0.291469,0.74374366,-0.5226445,-0.6853713,0.84651834,0.48682642,-0.50205094,-0.70805275,-0.27799392,0.66699594,0.6018185,0.7075767,0.16393523,-0.56725335,-0.8387653,-0.15047953,0.46960577,0.22252332,4,3
Luisito (Minueto)||Agustin Barrios Mandore,0.50224733,-0.7613327,0.17136502,0.8202497,0.36982536,-0.012842277,-0.6899762,0.07243834,0.9728073,-0.5878362,0.9700119,0.27962568,0.5717396,-0.24519825,-0.291469,0.73012793,-0.599068,-0.78466386,0.698646,0.61469394,-0.37901932,-0.41881523,-0.38839334,0.6189821,0.28342962,0.7848074,0.2089949,-0.83520377,-0.645773,-0.80039936,0.43450624,0.3603806,2,4
The Prince's Toys: The Mechanical Monkey||Nikita Koshkin,0.41387954,-0.7468483,0.25926822,0.7645976,0.34289238,-0.022166435,-0.6859934,0.16501555,0.8315468,-0.4894104,0.7621667,0.9571673,0.3109532,0.061255913,-0.291469,0.7428545,-0.5225936,-0.6853713,0.8491287,0.48682642,-0.40263143,-0.47159213,-0.27799392,0.8614238,0.35884795,0.72816193,0.21988407,-0.051180158,-0.8779275,0.3573219,0.50199914,0.26979923,6,6
The Prince's Toys: The Mischievous Prince||Nikita Koshkin,0.48389933,-0.74619985,0.17136502,0.8389271,0.32919767,0.06312418,-0.68798995,0.22454372,0.9140651,-0.4894104,0.98433983,0.49574566,0.37588552,-0.024545567,-0.291469,0.7428545,-0.5225936,-0.6853713,0.8491287,0.48682642,-0.34979358,-0.3473571,-0.38839334,0.357576,-0.3775838,0.72816193,0.36201543,-0.72020996,-0.645773,-0.46355125,0.44768813,0.26979923,5,4
The Prince's Toys: The Tin Soldiers||Nikita Koshkin,-0.07190451,-0.6958709,0.25926822,0.59676754,0.26112053,0.2686695,-0.68798995,0.21376169,0.89125264,-0.37670672,0.010300749,0.39310122,0.62344277,-0.46695086,-0.291469,0.73197806,-0.460887,-0.6231049,0.8878843,0.43726298,-0.34057978,-0.17410809,-0.57750183,0.80417603,-0.8868089,0.91169924,0.39967147,0.87086916,-0.9080532,0.7919085,0.66225517,0.98391986,7,6
"24 Caprices, Op. 1: 24||Niccolo Paganini",0.67042196,-0.7100948,0.08064605,0.66360486,0.36155254,-0.64132524,-0.69781816,-0.16354224,0.24587043,-0.40031993,0.23271056,-0.13910583,0.62216824,-0.63990855,-0.3649675,0.70508456,-0.5196545,-0.7078281,0.76413643,0.71676993,-0.3629835,-0.4551982,-0.27799392,0.5484162,0.7841971,0.7420061,0.08811241,-0.784009,-0.8779275,-0.6406063,0.54477483,0.65272224,7,2
